recordKey,portal,suchbegriff,titel,auftraggeber,frist,link,cpvCodes,beschreibung,veroeffentlichungsdatum,organisationLand,scrapedAt,reviewLabel,reviewScore,reviewReason,reviewProvider,reviewModel,reviewedAt
"https://ausschreibungen.usp.gv.at/at.gv.bmdw.eproc-p/public/tender-detail?object=505019f6-4c66-4ce4-9700-a5ed3cf664c3-c2a27bf4-ff18-4729-8d34-21985e557fed","USP Bund","Projektmanagement","Abruf aus Rahmenvereinbarung Projektmanagement Dienstleistungen","ÖBB Business Competence Center GmbH","","https://ausschreibungen.usp.gv.at/at.gv.bmdw.eproc-p/public/tender-detail?object=505019f6-4c66-4ce4-9700-a5ed3cf664c3-c2a27bf4-ff18-4729-8d34-21985e557fed","72000000","","2026-09-26","Österreich","2026-09-27T06:03:56.388Z","ungeprueft","","","","",""
"https://ausschreibungen.usp.gv.at/at.gv.bmdw.eproc-p/public/tender-detail?object=505019f6-4c66-4ce4-9700-a5ed3cf664c3-e5f98331-3bfa-40a5-a379-28260880c12a","USP Bund","Projektmanagement","Abruf aus Rahmenvereinbarung Projektmanagement Dienstleistungen","ÖBB Business Competence Center GmbH","","https://ausschreibungen.usp.gv.at/at.gv.bmdw.eproc-p/public/tender-detail?object=505019f6-4c66-4ce4-9700-a5ed3cf664c3-e5f98331-3bfa-40a5-a379-28260880c12a","72000000","","2026-09-26","Österreich","2026-09-27T06:03:56.512Z","ungeprueft","","","","",""
"https://ausschreibungen.usp.gv.at/at.gv.bmdw.eproc-p/public/tender-detail?object=505019f6-4c66-4ce4-9700-a5ed3cf664c3-364e1776-6acb-4aa8-a06f-32c37bb5ae04","USP Bund","Projektmanagement","Abruf aus Rahmenvereinbarung Projektmanagement Dienstleistungen","ÖBB Business Competence Center GmbH","","https://ausschreibungen.usp.gv.at/at.gv.bmdw.eproc-p/public/tender-detail?object=505019f6-4c66-4ce4-9700-a5ed3cf664c3-364e1776-6acb-4aa8-a06f-32c37bb5ae04","72000000","","2026-09-26","Österreich","2026-09-27T06:03:56.636Z","ungeprueft","","","","",""
"https://ausschreibungen.usp.gv.at/at.gv.bmdw.eproc-p/public/tender-detail?object=505019f6-4c66-4ce4-9700-a5ed3cf664c3-009b2d26-68ac-4939-ad42-a20c02a16249","USP Bund","Projektmanagement","Abruf aus Rahmenvereinbarung Projektmanagement Dienstleistungen","ÖBB Business Competence Center GmbH","","https://ausschreibungen.usp.gv.at/at.gv.bmdw.eproc-p/public/tender-detail?object=505019f6-4c66-4ce4-9700-a5ed3cf664c3-009b2d26-68ac-4939-ad42-a20c02a16249","72000000","","2026-09-26","Österreich","2026-09-27T06:03:56.761Z","ungeprueft","","","","",""
"https://ausschreibungen.usp.gv.at/at.gv.bmdw.eproc-p/public/tender-detail?object=505019f6-4c66-4ce4-9700-a5ed3cf664c3-98c05689-6ed9-4952-b869-ebda335596e7","USP Bund","Projektmanagement","Abruf aus Rahmenvereinbarung Projektmanagement Dienstleistungen","ÖBB Business Competence Center GmbH","","https://ausschreibungen.usp.gv.at/at.gv.bmdw.eproc-p/public/tender-detail?object=505019f6-4c66-4ce4-9700-a5ed3cf664c3-98c05689-6ed9-4952-b869-ebda335596e7","72000000","","2026-09-26","Österreich","2026-09-27T06:03:56.884Z","ungeprueft","","","","",""
"https://ausschreibungen.usp.gv.at/at.gv.bmdw.eproc-p/public/tender-detail?object=a2c49245-23b2-46e1-acc7-c5a78913a090-4c3515fb-d93b-48b8-8bcd-0456b2e4467c","USP Bund","Projektmanagement","Abruf aus Rahmenvereinbarung ITPMPE2021, Los 1, 4234447","Bundesrechenzentrum GmbH","","https://ausschreibungen.usp.gv.at/at.gv.bmdw.eproc-p/public/tender-detail?object=a2c49245-23b2-46e1-acc7-c5a78913a090-4c3515fb-d93b-48b8-8bcd-0456b2e4467c","79421000; 72200000","","2026-09-25","Österreich","2026-09-27T06:03:57.007Z","ungeprueft","","","","",""
"https://ausschreibungen.usp.gv.at/at.gv.bmdw.eproc-p/public/tender-detail?object=fde58043-87ff-44b0-b6b0-3d089adfba4c-9110002556748_BVergG-VIII-1-Z2_175222","USP Bund","Strategie","Bad Vöslau, Pflege- und Betreuungszentrum, Neubau - 495 Sonnenschutz","Land Niederösterreich, p.A. Amt der NÖ-Landesregierung, Abteilung Gesundheitsstrategie","2026-10-23","https://ausschreibungen.usp.gv.at/at.gv.bmdw.eproc-p/public/tender-detail?object=fde58043-87ff-44b0-b6b0-3d089adfba4c-9110002556748_BVergG-VIII-1-Z2_175222","45212190","","2026-09-25","Österreich","2026-09-27T06:04:05.883Z","ungeprueft","","","","",""
"https://steiermark.vergabeportal.at/Detail/255573","STMK","Strategie","Schulsozialarbeit des Landes Steiermark","Land Steiermark - Land Steiermark","2026-10-15T00:00:00","https://steiermark.vergabeportal.at/Detail/255573","31680290; 98000000; 98200000; 31680150","Schulsozialarbeit an steirischen Pflichtschulen in den dreizehn politischen Bezirken des Bundeslandes Steiermark ab dem Schuljahr 2026/27 bis 31.12.2029. Leitungsumfang: 83.993 Leistungsstunden je Kalenderjahr verteilt auf die 13 steirischen Bezirke (Ausschreibung in 13 Gebietslosen).","2026-09-25","Österreich","2026-09-27T06:04:12.345Z","ungeprueft","","","","",""
"https://ted.europa.eu/de/notice/-/detail/658407-2026","TED","CPV 85312320-8 - Beratung","Österreich – Dienstleistungen des Gesundheits- und Sozialwesens – Suchtprävention Tirol","Land Tirol","2026-10-19T09:00:00+02:00","https://ted.europa.eu/de/notice/-/detail/658407-2026","85000000; 85312320; 71317210","Ziel ist die Sicherstellung eines flächendeckenden, qualitätsgesicherten und möglichst niederschwelligen Angebots im Bereich der Suchtprävention für die Tiroler Bevölkerung. Durch die Bereitstellung bedarfsgerechter Präventionsmaßnahmen soll ein frühzeitiger Beitrag zur Förderung der Gesundheit, zur Stärkung individueller und sozialer Schutzfaktoren sowie zur Vermeidung bzw. Verringerung von Suchtgefährdungen geleistet werden.","2026-09-24","Österreich","2026-09-27T06:03:39.697Z","ungeprueft","","","","",""
"https://ausschreibungen.usp.gv.at/at.gv.bmdw.eproc-p/public/tender-detail?object=fde58043-87ff-44b0-b6b0-3d089adfba4c-9110027593193_BVergG-VIII-2-Z1_579986","USP Bund","Projektmanagement","Projektmanagement im Bereich IKT-Projekte","Versicherungsanstalt öffentlich Bediensteter, Eisenbahnen und Bergbau (BVAEB)","","https://ausschreibungen.usp.gv.at/at.gv.bmdw.eproc-p/public/tender-detail?object=fde58043-87ff-44b0-b6b0-3d089adfba4c-9110027593193_BVergG-VIII-2-Z1_579986","79400000","","2026-09-24","Österreich","2026-09-27T06:03:57.131Z","ungeprueft","","","","",""
"https://ausschreibungen.usp.gv.at/at.gv.bmdw.eproc-p/public/tender-detail?object=fde58043-87ff-44b0-b6b0-3d089adfba4c-FN_227986z_BVergG-VIII-2-Z1_702785","USP Bund","Projektmanagement","Projektmanagement zu CRM Enterprise System","SVD Büromanagement GmbH","","https://ausschreibungen.usp.gv.at/at.gv.bmdw.eproc-p/public/tender-detail?object=fde58043-87ff-44b0-b6b0-3d089adfba4c-FN_227986z_BVergG-VIII-2-Z1_702785","48445000","","2026-09-24","Österreich","2026-09-27T06:03:57.254Z","ungeprueft","","","","",""
"https://ausschreibungen.usp.gv.at/at.gv.bmdw.eproc-p/public/tender-detail?object=fde58043-87ff-44b0-b6b0-3d089adfba4c-9110002556748_BVergG-VIII-2-Z1_646481","USP Bund","Strategie","LK Horn - Büromöbel Verwaltung","Land Niederösterreich, p.A. Amt der NÖ-Landesregierung, Abteilung Gesundheitsstrategie","","https://ausschreibungen.usp.gv.at/at.gv.bmdw.eproc-p/public/tender-detail?object=fde58043-87ff-44b0-b6b0-3d089adfba4c-9110002556748_BVergG-VIII-2-Z1_646481","39130000","","2026-09-23","Österreich","2026-09-27T06:04:06.007Z","ungeprueft","","","","",""
"https://ted.europa.eu/de/notice/-/detail/652809-2026","TED","CPV 73220000-0 - Entwicklungsberatung","Deutschland – Durchführbarkeitsstudie, Beratung, Analyse – Erstellung einer strukturierten Bedarfs- und Entwicklungsplanung für die Feuerwehr Hamburg","BVC Behörde für Inneres und Sport","2026-10-15T12:00:00+02:00","https://ted.europa.eu/de/notice/-/detail/652809-2026","71241000; 71318000; 72221000; 72246000; 73220000; 79415200; 85312320","Die Freie und Hansestadt Hamburg, vertreten durch das Beschaffungs- und Vergabecenter der Behörde für Inneres und Sport -organisatorisch angebunden bei der Polizei Hamburg- (Vergabestelle), beabsichtigt im Auftrag für das Amt Feuerwehr den Abschluss eines Dienstleistungsvertrages über die Erstellung einer strukturierten Bedarfs- und Entwicklungsplanung für die Feuerwehr der Freien und Hansestadt Hamburg.","2026-09-22","Deutschland","2026-09-27T06:03:21.146Z","ungeprueft","","","","",""
"https://ted.europa.eu/de/notice/-/detail/650177-2026","TED","CPV 85312320-8 - Beratung","Deutschland – Beratungsdienste – Fokus Teilhabe - Perspektiven entwickeln durch ganzheitliche Betreuung Suchterkrankter","Jobcenter Wuppertal AöR","","https://ted.europa.eu/de/notice/-/detail/650177-2026","85312320","Leistungsgegenstand ist die Konzeption und Durchführung einer Maßnahme nach § 16 k SGB II zur (Wieder-) Herstellung der Beschäftigungsfähigkeit mit dem Mittel eines ganzheitlichen Coachings. Zur Zielgruppe der zu vergebenen Leistung gehören erwerbsfähige Leistungsberechtigte (eLb), die an einer oder multiplen Suchterkrankung/en leiden. Im Rahmen der Maßnahme sollen bis zu 45 Teilnehmende von insgesamt drei Coaches (Betreuungsschlüssel 1:15) im Sinne der ganzheitlichen Betreuung von Einzelcoachingstunden profitieren. Die Leistungen gliedert sich in die Aspekte der aufsuchenden/aufnehmenden Phase zu Beginn, des eigentlichen Coachings, sowie einer Nachbetreuung im Bedarfsfall bei Übergang in eine andere Maßnahme.","2026-09-21","Deutschland","2026-09-27T06:03:39.697Z","ungeprueft","","","","",""
"https://ausschreibungen.usp.gv.at/at.gv.bmdw.eproc-p/public/tender-detail?object=505019f6-4c66-4ce4-9700-a5ed3cf664c3-4e02771b-adf9-46bb-a185-4538ef802da0","USP Bund","Projektmanagement","Abruf aus Rahmenvereinbarung Projektmanagement Dienstleistungen","ÖBB Business Competence Center GmbH","","https://ausschreibungen.usp.gv.at/at.gv.bmdw.eproc-p/public/tender-detail?object=505019f6-4c66-4ce4-9700-a5ed3cf664c3-4e02771b-adf9-46bb-a185-4538ef802da0","72000000","","2026-09-21","Österreich","2026-09-27T06:03:57.377Z","ungeprueft","","","","",""
"https://ausschreibungen.usp.gv.at/at.gv.bmdw.eproc-p/public/tender-detail?object=fde58043-87ff-44b0-b6b0-3d089adfba4c-9110002556748_BVergG-VIII-2-Z1_157994","USP Bund","Strategie","LK Horn - Verwaltungs- und Schulgebäude, Leit- und Orientierungssystem","Land Niederösterreich, p.A. Amt der NÖ-Landesregierung, Abteilung Gesundheitsstrategie","","https://ausschreibungen.usp.gv.at/at.gv.bmdw.eproc-p/public/tender-detail?object=fde58043-87ff-44b0-b6b0-3d089adfba4c-9110002556748_BVergG-VIII-2-Z1_157994","34928470","","2026-09-21","Österreich","2026-09-27T06:04:06.130Z","ungeprueft","","","","",""
"https://ausschreibungen.usp.gv.at/at.gv.bmdw.eproc-p/public/tender-detail?object=009b7802-0b04-4fee-8dac-3922bd5098ae-KD_2373528","USP Bund","Strategie","MS PowerBI Lizenzen","Bundeskanzleramt - Sektion VII/Gruppe A/Abteilung 1 (Digitale Strategien und Innovation)","","https://ausschreibungen.usp.gv.at/at.gv.bmdw.eproc-p/public/tender-detail?object=009b7802-0b04-4fee-8dac-3922bd5098ae-KD_2373528","48000000","","2026-09-21","Österreich","2026-09-27T06:04:06.253Z","ungeprueft","","","","",""
"https://ausschreibungen.usp.gv.at/at.gv.bmdw.eproc-p/public/tender-detail?object=a2c49245-23b2-46e1-acc7-c5a78913a090-708150c4-7903-4cbb-922f-7066d8b5f2f7","USP Bund","Projektmanagement","23., Leo-Mathauser-Gasse 73","Stadt Wien - Wiener Wohnen","","https://ausschreibungen.usp.gv.at/at.gv.bmdw.eproc-p/public/tender-detail?object=a2c49245-23b2-46e1-acc7-c5a78913a090-708150c4-7903-4cbb-922f-7066d8b5f2f7","71240000; 71242000; 71241000; 71541000","","2026-09-20","Österreich","2026-09-27T06:03:57.502Z","ungeprueft","","","","",""
"https://ausschreibungen.usp.gv.at/at.gv.bmdw.eproc-p/public/tender-detail?object=a2c49245-23b2-46e1-acc7-c5a78913a090-9db1cddd-5ea0-4d94-a964-0fa952e6fc82","USP Bund","Projektmanagement","FSW_Rahmenvereinbarung Consultingleistungen (ROD2415)","Fonds Soziales Wien","","https://ausschreibungen.usp.gv.at/at.gv.bmdw.eproc-p/public/tender-detail?object=a2c49245-23b2-46e1-acc7-c5a78913a090-9db1cddd-5ea0-4d94-a964-0fa952e6fc82","79000000; 72220000; 79421000","des Vergabeverfahrens ist der Abschluss einer Rahmenvereinbarung mit bis zu zwei Partnern in Los 4 diverse Dienstleistungen im Consultingbereich. Die gegenständliche Bekanntgabe erfolgt für das Los 4. Tag des Vertragsabschlusses: 27.08.2026 CPV Hauptteil: 79000000 (Dienstleistungen für Unternehmen: Recht, Marketing, Consulting, Einstellungen, Druck und Sicherheit) CPV Hauptteil: 72220000 (Systemberatung und technische Beratung) CPV Hauptteil: 79421000 (Projektmanagement, außer Projektüberwachung von Bauarbeiten) Art des Auftrags: Dienstleistungsauftrag Bezeichnung der Verfahrensart: Verhandlungsverfahren mit vorheriger Bekanntmachung Auftragswert bzw. Wertumfang: 2.200.000,00 € Weitere Infor","2026-09-20","Österreich","2026-09-27T06:03:57.627Z","ungeprueft","","","","",""
"https://ausschreibungen.usp.gv.at/at.gv.bmdw.eproc-p/public/tender-detail?object=a2c49245-23b2-46e1-acc7-c5a78913a090-e7e7d85b-46fa-40e1-a4bd-46003557a691","USP Bund","Projektmanagement","ARA Klagenfurt (Kapazitätserweiterung und Anpassung an Stand der Technik) – Projektsteuerung und Baustellenmanagement","Landeshauptstadt Klagenfurt am Wörthersee","","https://ausschreibungen.usp.gv.at/at.gv.bmdw.eproc-p/public/tender-detail?object=a2c49245-23b2-46e1-acc7-c5a78913a090-e7e7d85b-46fa-40e1-a4bd-46003557a691","71541000; 71247000; 71248000; 71310000; 71328000; 71520000; 71521000; 71700000","ist die Erbringung der Leistungen der Projektsteuerung, des Baustellenmanagements und sonstiger Dienstleistungen für die Erweiterung und Anpassung der ARA Klagenfurt. Tag des Vertragsabschlusses: 21.08.2026 CPV Hauptteil: 71541000 (Projektmanagement im Bauwesen) CPV Hauptteil: 71247000 (Beaufsichtigung der Bauarbeiten) CPV Hauptteil: 71248000 (Projektaufsicht und Dokumentation) CPV Hauptteil: 71310000 (Technische Beratung und Konstruktionsberatung) CPV Hauptteil: 71328000 (Dienstleistungen für die Prüfung der Tragwerksplanung) CPV Hauptteil: 71520000 (Bauaufsicht) CPV Hauptteil: 71521000 (Baustellenüberwachung) CPV Hauptteil: 71700000 (Kontroll- und Überwachungsleistungen) Art des Auftrags:","2026-09-18","Österreich","2026-09-27T06:03:57.753Z","ungeprueft","","","","",""
"https://ausschreibungen.usp.gv.at/at.gv.bmdw.eproc-p/public/tender-detail?object=a2c49245-23b2-46e1-acc7-c5a78913a090-717e420d-b732-458e-ade9-123ea0100780","USP Bund","Projektmanagement","Abruf aus Rahmenvereinbarung ITPMPE2021, Los 1, 4234426","Bundesrechenzentrum GmbH","","https://ausschreibungen.usp.gv.at/at.gv.bmdw.eproc-p/public/tender-detail?object=a2c49245-23b2-46e1-acc7-c5a78913a090-717e420d-b732-458e-ade9-123ea0100780","79421000; 72200000","","2026-09-18","Österreich","2026-09-27T06:03:57.877Z","ungeprueft","","","","",""
"https://ausschreibungen.usp.gv.at/at.gv.bmdw.eproc-p/public/tender-detail?object=a2c49245-23b2-46e1-acc7-c5a78913a090-338a1771-ae0b-4f47-bf9d-6963647bd43e","USP Bund","Projektmanagement","Abruf aus Rahmenvereinbarung SAPDL2022, TL2, 4234389","Bundesrechenzentrum GmbH","","https://ausschreibungen.usp.gv.at/at.gv.bmdw.eproc-p/public/tender-detail?object=a2c49245-23b2-46e1-acc7-c5a78913a090-338a1771-ae0b-4f47-bf9d-6963647bd43e","72200000; 79421000; 72220000; 72261000; 72262000; 72263000; 72266000; 72254000; 72316000","","2026-09-17","Österreich","2026-09-27T06:03:58.000Z","ungeprueft","","","","",""
"https://ausschreibungen.usp.gv.at/at.gv.bmdw.eproc-p/public/tender-detail?object=505019f6-4c66-4ce4-9700-a5ed3cf664c3-cb48c36f-8ffb-4eef-80ce-a8fd53e68908","USP Bund","Projektmanagement","Abruf aus Rahmenvereinbarung Projektmanagement Dienstleistungen","ÖBB Business Competence Center GmbH","","https://ausschreibungen.usp.gv.at/at.gv.bmdw.eproc-p/public/tender-detail?object=505019f6-4c66-4ce4-9700-a5ed3cf664c3-cb48c36f-8ffb-4eef-80ce-a8fd53e68908","72000000","","2026-09-16","Österreich","2026-09-27T06:03:58.123Z","ungeprueft","","","","",""
"https://ausschreibungen.usp.gv.at/at.gv.bmdw.eproc-p/public/tender-detail?object=505019f6-4c66-4ce4-9700-a5ed3cf664c3-132b78f8-82fa-4691-a112-b8184ad61357","USP Bund","Projektmanagement","Abruf aus Rahmenvereinbarung Projektmanagement Dienstleistungen","ÖBB Business Competence Center GmbH","","https://ausschreibungen.usp.gv.at/at.gv.bmdw.eproc-p/public/tender-detail?object=505019f6-4c66-4ce4-9700-a5ed3cf664c3-132b78f8-82fa-4691-a112-b8184ad61357","72000000","","2026-09-16","Österreich","2026-09-27T06:03:58.246Z","ungeprueft","","","","",""
"https://ted.europa.eu/de/notice/-/detail/633849-2026","TED","CPV 85312320-8 - Beratung","Deutschland – Beratungsdienste – RV - Beratungsleistung zur Implementierung von Maßnahmen zur wirtschaftlichen Ergebnisverbesserung","Charité - Universitätsmedizin Berlin","","https://ted.europa.eu/de/notice/-/detail/633849-2026","85312320; 72221000","Die Charité - Universitätsmedizin Berlin, Charitéplatz 1, 10117 Berlin, schreibt einen Rahmenvertrag mit bis zu vier Vertragspartnern (Auftragnehmern) über die Beratungsleistung zur Projektierung und Implementierung von Maßnahmen zur wirtschaftlichen Ergebnisverbesserung im Kontext eines Universitätsklinikums auf Abruf aus. Es bestehen gesonderte Anforderungen nach dem Berliner Ausschreibungs- und Vergabegesetz (BerlAVG), siehe Vergabeunterlagen. Nähere Informationen können den auf der Vergabeplattform der Charité (https://vergabeplattform.charite.de) zur Verfügung gestellten Unterlagen entnommen werden.","2026-09-15","Deutschland","2026-09-27T06:03:39.697Z","ungeprueft","","","","",""
"https://ted.europa.eu/de/notice/-/detail/634289-2026","TED","Raumplanung","Deutschland – Verwaltungssoftwarepaket – Schul- und Seminarverwaltungsmanagement","Universitätsklinikum Aachen AöR","2026-10-07T23:59:59+02:00","https://ted.europa.eu/de/notice/-/detail/634289-2026","48219300; 72260000; 72263000","Zur Schaffung einer einheitlichen Organisations- und Dokumentationsstruktur für die Aus-, Fort- und Weiterbildung, welche die betriebsinternen Abläufe, den Austausch von relevanten Informationen sowie der Berichtspflicht gegenüber den öffentlichen Behörden vereinheitlicht, benötigt die UKA ein System, das sowohl die Anforderungen eines Schul- als auch die eines Seminarmanagementprogramms zusammenführt. Alle Informationen zu den angebotenen Lehrgängen und Seminaren, Teilnehmenden, Dozierenden und Ressourcen sollen zentral verwaltet werden. Die Aus- und Weiterbildungsstruktur muss in einer übersichtlichen Lehrgangsplanung mit Stunden- und Raumplanung möglich sein.","2026-09-15","Deutschland","2026-09-27T06:03:44.801Z","ungeprueft","","","","",""
"https://ausschreibungen.usp.gv.at/at.gv.bmdw.eproc-p/public/tender-detail?object=a2c49245-23b2-46e1-acc7-c5a78913a090-f00a5323-ebd9-4b69-8ce8-ec9f250e84be","USP Bund","Projektmanagement","Abruf aus Rahmenvereinbarung ITPMPE2021, Los 1, 4234425","Bundesrechenzentrum GmbH","","https://ausschreibungen.usp.gv.at/at.gv.bmdw.eproc-p/public/tender-detail?object=a2c49245-23b2-46e1-acc7-c5a78913a090-f00a5323-ebd9-4b69-8ce8-ec9f250e84be","79421000; 72200000","","2026-09-15","Österreich","2026-09-27T06:03:58.371Z","ungeprueft","","","","",""
"https://ausschreibungen.usp.gv.at/at.gv.bmdw.eproc-p/public/tender-detail?object=505019f6-4c66-4ce4-9700-a5ed3cf664c3-b21c2b4a-57ba-441b-86d4-80c38cec43f4","USP Bund","Projektmanagement","Abruf aus Rahmenvereinbarung Projektmanagement Dienstleistungen","ÖBB Business Competence Center GmbH","","https://ausschreibungen.usp.gv.at/at.gv.bmdw.eproc-p/public/tender-detail?object=505019f6-4c66-4ce4-9700-a5ed3cf664c3-b21c2b4a-57ba-441b-86d4-80c38cec43f4","72000000","","2026-09-15","Österreich","2026-09-27T06:03:58.494Z","ungeprueft","","","","",""
"https://ted.europa.eu/de/notice/-/detail/631054-2026","TED","CPV 71410000-5 - Raumplanung","Deutschland – Landschaftsgestaltung – Landschaftsrahmenplan","Stadt Braunschweig Fachbereich Bauordnung und Zentrale Vergabestelle","","https://ted.europa.eu/de/notice/-/detail/631054-2026","71420000; 71410000","Das Leistungsbild zur Fortschreibung des Landschaftsrahmenplans für die Stadt Braunschweig umfasst die Grundleistungen gemäß Anlage 6 zu § 25 Abs. 2 HOAI sowie weitere besondere Leistungen, der Erstellung von Ziel- und Maßnahmenkonzepten sowie verfahrensbegleitenden Leistungen.","2026-09-14","Deutschland","2026-09-27T06:03:22.360Z","ungeprueft","","","","",""
"https://ausschreibungen.usp.gv.at/at.gv.bmdw.eproc-p/public/tender-detail?object=505019f6-4c66-4ce4-9700-a5ed3cf664c3-fe014680-f384-4db1-b125-082bc293ecbf","USP Bund","Projektmanagement","Abruf aus Rahmenvereinbarung Projektmanagement Dienstleistungen","ÖBB Business Competence Center GmbH","","https://ausschreibungen.usp.gv.at/at.gv.bmdw.eproc-p/public/tender-detail?object=505019f6-4c66-4ce4-9700-a5ed3cf664c3-fe014680-f384-4db1-b125-082bc293ecbf","72000000","","2026-09-14","Österreich","2026-09-27T06:03:58.618Z","ungeprueft","","","","",""
"https://ausschreibungen.usp.gv.at/at.gv.bmdw.eproc-p/public/tender-detail?object=505019f6-4c66-4ce4-9700-a5ed3cf664c3-52246b38-3260-4e67-aed6-0e3d3ce595e4","USP Bund","Projektmanagement","Abruf aus Rahmenvereinbarung Projektmanagement Dienstleistungen","ÖBB Business Competence Center GmbH","","https://ausschreibungen.usp.gv.at/at.gv.bmdw.eproc-p/public/tender-detail?object=505019f6-4c66-4ce4-9700-a5ed3cf664c3-52246b38-3260-4e67-aed6-0e3d3ce595e4","72000000","","2026-09-14","Österreich","2026-09-27T06:03:58.741Z","ungeprueft","","","","",""
"https://ausschreibungen.usp.gv.at/at.gv.bmdw.eproc-p/public/tender-detail?object=505019f6-4c66-4ce4-9700-a5ed3cf664c3-d952cfc2-6f07-4467-a99c-41256de9a84f","USP Bund","Projektmanagement","Abruf aus Rahmenvereinbarung Projektmanagement Dienstleistungen","ÖBB Business Competence Center GmbH","","https://ausschreibungen.usp.gv.at/at.gv.bmdw.eproc-p/public/tender-detail?object=505019f6-4c66-4ce4-9700-a5ed3cf664c3-d952cfc2-6f07-4467-a99c-41256de9a84f","72000000","","2026-09-14","Österreich","2026-09-27T06:03:58.863Z","ungeprueft","","","","",""
"https://ausschreibungen.usp.gv.at/at.gv.bmdw.eproc-p/public/tender-detail?object=505019f6-4c66-4ce4-9700-a5ed3cf664c3-a6026c71-ef97-4b0d-a4a8-9ee5c3944ec6","USP Bund","Projektmanagement","Abruf aus Rahmenvereinbarung Projektmanagement Dienstleistungen","ÖBB Business Competence Center GmbH","","https://ausschreibungen.usp.gv.at/at.gv.bmdw.eproc-p/public/tender-detail?object=505019f6-4c66-4ce4-9700-a5ed3cf664c3-a6026c71-ef97-4b0d-a4a8-9ee5c3944ec6","72000000","","2026-09-13","Österreich","2026-09-27T06:03:58.987Z","ungeprueft","","","","",""
"https://ausschreibungen.usp.gv.at/at.gv.bmdw.eproc-p/public/tender-detail?object=505019f6-4c66-4ce4-9700-a5ed3cf664c3-deb98750-b090-42b2-8d98-a785b6ff1748","USP Bund","Projektmanagement","Abruf aus Rahmenvereinbarung Projektmanagement Dienstleistungen","ÖBB Business Competence Center GmbH","","https://ausschreibungen.usp.gv.at/at.gv.bmdw.eproc-p/public/tender-detail?object=505019f6-4c66-4ce4-9700-a5ed3cf664c3-deb98750-b090-42b2-8d98-a785b6ff1748","72000000","","2026-09-13","Österreich","2026-09-27T06:03:59.112Z","ungeprueft","","","","",""
"https://ausschreibungen.usp.gv.at/at.gv.bmdw.eproc-p/public/tender-detail?object=a2c49245-23b2-46e1-acc7-c5a78913a090-081fb7a9-94b5-46d4-a6cd-3dd563b35abc","USP Bund","Projektmanagement","Vergabeverfahren „Generalplaner - GSA Umbau samt Einbau Raumkühlung in den Garconnièren / Wohnheim“","Arbeitsmarktservice Österreich","","https://ausschreibungen.usp.gv.at/at.gv.bmdw.eproc-p/public/tender-detail?object=a2c49245-23b2-46e1-acc7-c5a78913a090-081fb7a9-94b5-46d4-a6cd-3dd563b35abc","71320000; 71356400; 71240000; 71321000; 71221000; 71520000; 71247000; 71300000; 71000000; 71250000; 71200000; 71251000; 71248000; 71541000; 71500000","","2026-09-11","Österreich","2026-09-27T06:03:59.240Z","ungeprueft","","","","",""
"https://ausschreibungen.usp.gv.at/at.gv.bmdw.eproc-p/public/tender-detail?object=a2c49245-23b2-46e1-acc7-c5a78913a090-b9b641c9-0a92-4863-a897-1628f72b2e8e","USP Bund","Projektmanagement","Wirtschaftsagentur Wien / Rahmenvereinbarung Bauherrenunterstützung","Wirtschaftsagentur Wien. Ein Fonds der Stadt Wien.","2026-10-13","https://ausschreibungen.usp.gv.at/at.gv.bmdw.eproc-p/public/tender-detail?object=a2c49245-23b2-46e1-acc7-c5a78913a090-b9b641c9-0a92-4863-a897-1628f72b2e8e","71000000; 71200000; 71300000; 71500000; 71541000; 71241000; 71248000; 71530000; 71244000","","2026-09-11","Österreich","2026-09-27T06:03:59.367Z","ungeprueft","","","","",""
"https://ausschreibungen.usp.gv.at/at.gv.bmdw.eproc-p/public/tender-detail?object=a2c49245-23b2-46e1-acc7-c5a78913a090-9c569620-1619-44e9-a3d4-326daae96916","USP Bund","Strategie","Social Media Strategie & Entwicklung eines jungen Content-Formats","Oesterreichische Nationalbank","","https://ausschreibungen.usp.gv.at/at.gv.bmdw.eproc-p/public/tender-detail?object=a2c49245-23b2-46e1-acc7-c5a78913a090-9c569620-1619-44e9-a3d4-326daae96916","79340000; 92111200","","2026-09-11","Österreich","2026-09-27T06:04:06.380Z","ungeprueft","","","","",""
"https://ted.europa.eu/de/notice/-/detail/622740-2026","TED","CPV 73220000-0 - Entwicklungsberatung","Italien – Beratung im Bereich Entwicklung – Proc. n. 4304/AQ/2026 - Accordo Quadro assistenza tecnica ADG FSE","Giunta Regionale della Campania - Ufficio Speciale Centrale Acquisti","","https://ted.europa.eu/de/notice/-/detail/622740-2026","73220000","Procedura di gara aperta telematica di rilevanza comunitaria, ai sensi degli artt. 14, 25 e 71 del D.Lgs. 36/2023, per la conclusione di un Accordo Quadro Quadriennale e successivo confronto competitivo con 3 operatori economici, per l’affidamento di servizi di “Assistenza Tecnica Specialistica all’Autorità di Gestione e strutture connesse per il Programma Regionale Fondo Sociale Europeo + 2021-2027 della Regione Campania”.","2026-09-10","Italien","2026-09-27T06:03:21.146Z","ungeprueft","","","","",""
"https://ted.europa.eu/de/notice/-/detail/624416-2026","TED","CPV 71410000-5 - Raumplanung","Deutschland – Stadtplanung – Quartiermanagement Stadtumbaugebiet Fuhlenbrock, Vonderort 2027-2029","Stadt Bottrop","","https://ted.europa.eu/de/notice/-/detail/624416-2026","71410000","Betrieb eines Stadtteilbüros inkl. Erbringung von Leistungen in den Leistungsbausteinen Projektmanagement und -Assistenz, Durchführung von Beratungsleistungen, Bewohner*Innenaktivierung und -Beteiligung, Öffentlichkeitsarbeit und Verstetigung.","2026-09-10","Deutschland","2026-09-27T06:03:22.360Z","ungeprueft","","","","",""
"https://ted.europa.eu/de/notice/-/detail/625261-2026","TED","Regionalentwicklung","Deutschland – Messeeinrichtungen – Neubau/Umsetzung der Messestände für den Gemeinschaftsauftritt der Metropolregion Frankfurt RheinMain auf der EXPO REAL - 2027/2028 (und optional weitere Folgejahre)","FrankfurtRheinMain GmbH International Marketing of the Region","2026-09-29T23:59:59+02:00","https://ted.europa.eu/de/notice/-/detail/625261-2026","39154000; 39154100; 79340000; 79950000","Gegenstand des Auftrags ist der Neubau bzw. die Umsetzung der Messestände für den Gemeinschaftsauftritt der Metropolregion Frankfurt RheinMain auf der Immobilienmesse EXPO REAL in München in den Jahren 2027/2028 (und optional für weitere Folgejahre). Der auftragsgegenständliche Rahmenvertrag wird geschlossen zwischen dem Auftragnehmer und der FrankfurtRheinMain GmbH International Marketing of the Region; der Wirtschaftsförderung Frankfurt - Frankfurt Economic Development - GmbH; der Wissenschaftsstadt Darmstadt (vertreten durch die Wissenschaftsstadt Darmstadt Marketing GmbH); sowie der Landeshauptstadt Wiesbaden. Grundlage der Projektumsetzung sind die bereits vorhandenen Entwurfs-, Planungs- und Ausführungsunterlagen für den in den Vorjahren auf der EXPO REAL realisierten gemeinsamen Messeauftritt der Metropolregion. Gegenstand der Leistung ist die Herstellung (Neubau), Lieferung sowie des Auf- und Abbaus der Gemeinschaftsstände der Metropolregion Frankfurt RheinMain als Full-Service-Leistung, die sämtliche messebaulichen Leistungen für eine erfolgreiche Messeteilnahme umfasst.","2026-09-10","Deutschland","2026-09-27T06:03:46.843Z","ungeprueft","","","","",""
"https://ted.europa.eu/de/notice/-/detail/624983-2026","TED","INTERREG","Tschechien – Forschungs- und Entwicklungsdienste und zugehörige Beratung – Lichenologický inventarizační průzkum v rámci klíčové aktivity 4 - Zdravotní stav lesa","Správa Krkonošského národního parku","","https://ted.europa.eu/de/notice/-/detail/624983-2026","73000000; 90711500","Předmětem této Veřejné zakázky je provedení mapování epifytických a epixylických lišejníků na 300 inventarizačních plochách na území Krkonošského národního parku v letech 2026 až 2028. Záměrem Zadavatele je získat popis stávající diverzity jmenované bioindikační skupiny organismů, stanovení vitality stélek a na základě získaných dat posouzení stavu lesních ekosystémů v kontextu měnících se podmínek prostředí. Cílem předmětu zakázky je porovnání výstupů sledování a vyhodnocení stavu epifytické a epixylické lichenobioty mezi KRNAP a KPN, a dále porovnání stavu s předchozím šetřením, které probíhalo v roce 2015 na totožných plochách. Předmět této Veřejné zakázky bude spolufinancován Evropskou unií prostřednictvím Programu Interreg Česko – Polsko 2021 – 2027, a to v rámci projektu „Lesy Krkonoš – společný management v KRNAP a KPN“, reg. č. CZ.11.01.02/00/23_011/0000160.","2026-09-10","Tschechien","2026-09-27T06:03:49.204Z","ungeprueft","","","","",""
"https://ausschreibungen.usp.gv.at/at.gv.bmdw.eproc-p/public/tender-detail?object=505019f6-4c66-4ce4-9700-a5ed3cf664c3-1bd3f103-9c5e-4dc5-951a-18e2382a5091","USP Bund","Projektmanagement","Abruf aus Rahmenvereinbarung Projektmanagement Dienstleistungen","ÖBB Business Competence Center GmbH","","https://ausschreibungen.usp.gv.at/at.gv.bmdw.eproc-p/public/tender-detail?object=505019f6-4c66-4ce4-9700-a5ed3cf664c3-1bd3f103-9c5e-4dc5-951a-18e2382a5091","72000000","","2026-09-10","Österreich","2026-09-27T06:04:00.322Z","ungeprueft","","","","",""
"https://ausschreibungen.usp.gv.at/at.gv.bmdw.eproc-p/public/tender-detail?object=a2c49245-23b2-46e1-acc7-c5a78913a090-490b2541-e6e2-476a-b8c8-a64c0b9e77d7","USP Bund","Projektmanagement","Barmherzige Brüder Salzburg-Projektsteuerung und Örtliche Bauaufsicht-Rahmenvereinbarung","A.ö. Krankenhaus der Barmherzigen Brüder Salzburg","","https://ausschreibungen.usp.gv.at/at.gv.bmdw.eproc-p/public/tender-detail?object=a2c49245-23b2-46e1-acc7-c5a78913a090-490b2541-e6e2-476a-b8c8-a64c0b9e77d7","71500000","","2026-09-10","Österreich","2026-09-27T06:04:00.451Z","ungeprueft","","","","",""
"https://ausschreibungen.usp.gv.at/at.gv.bmdw.eproc-p/public/tender-detail?object=a2c49245-23b2-46e1-acc7-c5a78913a090-d19be1f1-b7e7-410e-97f4-a0879d258e75","USP Bund","Projektmanagement","My Way - Berufsorientierung für junge Erwachsene","Arbeitsmarktservice Wien","","https://ausschreibungen.usp.gv.at/at.gv.bmdw.eproc-p/public/tender-detail?object=a2c49245-23b2-46e1-acc7-c5a78913a090-d19be1f1-b7e7-410e-97f4-a0879d258e75","80400000","","2026-09-10","Österreich","2026-09-27T06:04:00.577Z","ungeprueft","","","","",""
"https://ausschreibungen.usp.gv.at/at.gv.bmdw.eproc-p/public/tender-detail?object=fde58043-87ff-44b0-b6b0-3d089adfba4c-9110002556748_BVergG-VIII-1-Z2_910421","USP Bund","Strategie","Bad Vöslau, Pflege- und Betreuungszentrum, Neubau - 445 Vorgehängte Fassade","Land Niederösterreich, p.A. Amt der NÖ-Landesregierung, Abteilung Gesundheitsstrategie","2026-10-09","https://ausschreibungen.usp.gv.at/at.gv.bmdw.eproc-p/public/tender-detail?object=fde58043-87ff-44b0-b6b0-3d089adfba4c-9110002556748_BVergG-VIII-1-Z2_910421","45443000","","2026-09-10","Österreich","2026-09-27T06:04:06.504Z","ungeprueft","","","","",""
"https://ausschreibungen.usp.gv.at/at.gv.bmdw.eproc-p/public/tender-detail?object=fde58043-87ff-44b0-b6b0-3d089adfba4c-9110002556748_BVergG-VIII-1-Z2_991793","USP Bund","Strategie","Bad Vöslau, Pflege- und Betreuungszentrum, Neubau - 450 Estricharbeiten","Land Niederösterreich, p.A. Amt der NÖ-Landesregierung, Abteilung Gesundheitsstrategie","2026-10-09","https://ausschreibungen.usp.gv.at/at.gv.bmdw.eproc-p/public/tender-detail?object=fde58043-87ff-44b0-b6b0-3d089adfba4c-9110002556748_BVergG-VIII-1-Z2_991793","45262320","","2026-09-10","Österreich","2026-09-27T06:04:06.627Z","ungeprueft","","","","",""
"https://ausschreibungen.usp.gv.at/at.gv.bmdw.eproc-p/public/tender-detail?object=fde58043-87ff-44b0-b6b0-3d089adfba4c-9110002556748_BVergG-VIII-1-Z2_546398","USP Bund","Strategie","Bad Vöslau, Pflege- und Betreuungszentrum, Neubau - 455 Trockenbauarbeiten","Land Niederösterreich, p.A. Amt der NÖ-Landesregierung, Abteilung Gesundheitsstrategie","2026-10-09","https://ausschreibungen.usp.gv.at/at.gv.bmdw.eproc-p/public/tender-detail?object=fde58043-87ff-44b0-b6b0-3d089adfba4c-9110002556748_BVergG-VIII-1-Z2_546398","","","2026-09-10","Österreich","2026-09-27T06:04:06.627Z","ungeprueft","","","","",""
"https://ausschreibungen.usp.gv.at/at.gv.bmdw.eproc-p/public/tender-detail?object=fde58043-87ff-44b0-b6b0-3d089adfba4c-9110002556748_BVergG-VIII-1-Z2_853211","USP Bund","Strategie","Bad Vöslau, Pflege- und Betreuungszentrum, Neubau - 465 Bodenbelagsarbeiten","Land Niederösterreich, p.A. Amt der NÖ-Landesregierung, Abteilung Gesundheitsstrategie","2026-10-09","https://ausschreibungen.usp.gv.at/at.gv.bmdw.eproc-p/public/tender-detail?object=fde58043-87ff-44b0-b6b0-3d089adfba4c-9110002556748_BVergG-VIII-1-Z2_853211","","","2026-09-10","Österreich","2026-09-27T06:04:06.627Z","ungeprueft","","","","",""
"https://ted.europa.eu/de/notice/-/detail/622726-2026","TED","CPV 71410000-5 - Raumplanung","Deutschland – Durchführbarkeitsstudie, Beratung, Analyse – Durchführung vorbereitender Untersuchungen nach Paragraph 165 Abs. 4 BauGB für das Dreieck Späthsfelde","Senatsverwaltung für Stadtentwicklung, Bauen und Wohnen, II W - Wohnungsbauprojekte – äußere Stadt","","https://ted.europa.eu/de/notice/-/detail/622726-2026","71241000; 71400000; 71240000; 71242000; 71410000","Am 20.06.2023 hat der Senat von Berlin die Durchführung von vorbereitenden Untersuchungen gemäß § 165 Abs. 4 BauGB für das Dreieck Späthsfelde beschlossen. Zielstellung sind die Untersuchung einer städtebaulichen Neuordnung zur Entwicklung eines gemeinwohlorientierten und am Ziel der Klimaneutralität ausgerichteten Neuen Stadtquartiers mit Gewerbe- und Wohnnutzungen. Das Leistungsbild der vorbereitenden Untersuchungen umfasst die Bestandsaufnahme und -analyse, die Mitwirkung an der Betroffenenbeteiligung sowie die Klärung von deren Mitwirkungsbereitschaft, stadtwirtschaftliche Betrachtungen, Zielformulierung und Konzeptentwicklung, städtebaulichen Qualifizierung, Bewertung und Empfehlung des städtebaulichen Instrumentariums, Beteiligung der Betroffenen und der Träger öffentlicher Belange, Erstellung einer Kosten- und Finanzierungsübersicht, fachliche und behördliche Abstimmungen sowie die Zusammenfassung und Dokumentation der Ergebnisse. Fachbeiträge sind ebenfalls zu erstellen.","2026-09-09","Deutschland","2026-09-27T06:03:22.360Z","ungeprueft","","","","",""
"https://ted.europa.eu/de/notice/-/detail/621659-2026","TED","CPV 79419000-4 - Evaluation","Tschechien – Beratung in Sachen Evaluierung – Návrh a zavedení postupu systému řízení kvality a příprava technické dokumentace","Nanotech dynamics, s.r.o.","","https://ted.europa.eu/de/notice/-/detail/621659-2026","79419000","Předmětem veřejné zakázky je návrh, implementace a ověření systému řízení kvality zadavatele zakázky (dále také jako „výrobce“) a příprava technické dokumentace kožního krytu na bázi inovativních PCL struktur (dále také jako „zdravotnický prostředek“) v souladu s požadavky nařízení Evropského parlamentu a Rady (EU) 2017/745 a jeho aktualizacemi (dále jen „MDR“), s cílem zajistit připravenost zadavatele k procesu posouzení shody zdravotnického prostředku a splnění regulatorních požadavků nezbytných pro jeho uvedení na trh.","2026-09-09","Tschechien","2026-09-27T06:03:25.603Z","ungeprueft","","","","",""
"https://ted.europa.eu/de/notice/-/detail/619394-2026","TED","CPV 75112100-5 - Verwaltungsentwicklung","Deutschland – Mit Entwicklungsprojekten verbundene Verwaltungsdienstleistungen – 5.1_B 73 OD Cux Altenwalder Chaussee","Stadt Cuxhaven","","https://ted.europa.eu/de/notice/-/detail/619394-2026","75112100","Ausgeschrieben wird die Objektplanung der Verkehrsanlagen (Teile der Leistungsphase 3, der Leistungsphasen 5-7 und optional die Leistungsphase 4) der innerörtlichen Verkehrsanlagen im Verlauf der B 73 Altenwalder Chaussee und ein Teilstück der Abendrothstraße in der Stadt Cuxhaven in Niedersachsen. Vorgesehen ist die Erneuerung der Fahrbahnflächen, der Rad- und Gehwege, der Bushaltestellen, der Straßenausstattung, der Straßenentwässerung, die verkehrsgerechte Anpassung der Knotenpunkte B73/Süderwisch/Drangstweg und B73/K2/Südersteinstraße, die Anpassung / Erneuerung der Lichtsignalanlagen sowie der Neubau einer Querungsstelle in Höhe des Emil-Maetzel-Weges. Die Planungsleistungen der Verkehrsanlagen wird in der Anlage B1 LB-Verkehrsanlagen ausgeschrieben. Die Planungsleistungen für eine Straßenentwässerung einschließlich Regenwasserbehandlung wird in Anlage B2 LB-Ingenieurbauwerke ausgeschrieben. Die Planungsleistungen für eine Böschungssicherung auf einer Länge von ca. 200 m wird in Anlage B3 LB-Ingenieurbauwerke ausgeschrieben. Die Leistungsphase 8 Oberbauleitung wird für alle Bauteile ausgeschrieben (Anlage B4). Es handelt sich um eine gemeinschaftliche Maßnahme von der Niedersächsischen Landesbehörde für Straßenbau, Geschäftsbereich Stade und der Stadt Cuxhaven. Die Ausschreibung der Planungsleistungen und die gesamte Begleitung der Baumaßnahme erfolgt über die Stadt Cuxhaven.","2026-09-09","Deutschland","2026-09-27T06:03:38.646Z","ungeprueft","","","","",""
"https://ted.europa.eu/de/notice/-/detail/620243-2026","TED","Raumplanung","Deutschland – Umweltplanung – Machbarkeitsstudie: Rahmenbedingungen für den Schutz des Welterbes vor den Folgen des Klimawandels verbessern","Bundesministerium für Umwelt, Klimaschutz, Naturschutz und nukleare Sicherheit","","https://ted.europa.eu/de/notice/-/detail/620243-2026","90712000; 90713000; 73000000","Deutschland ist verantwortlich für den Erhalt des außergewöhnlichen universellen Wertes von derzeit (2026) 55 UNESCO-Welterbestätten (52 Kulturerbestätten und 3 Naturerbestätten) sowie acht Geoparks. Die UNESCO und ihre Beratergremien werten Klimawandelfolgen als höchste Gefährdung für den langfristigen Erhalt des Kultur- und des Naturerbes. Die materiellen Schäden durch akute und schleichende Klimawandelfolgen steigern nicht nur die Kosten des Erhalts, viele Verluste und Schäden sind monetär auch nicht zu kompensieren und gefährden den außeror-dentlichen, universellen Wert des Welterbes. Das Bundesministerium für Umwelt, Klimaschutz und nukleare Sicherheit (BMUKN) koordiniert federführend die Klimaanpassungsstrategie des Bundes. Der Schutz der UNESCO Welterbestätten und der UNESCO Geoparks in Deutschland ist als ressortübergreifendes Ziel angelegt, wobei die Bundesländer und die jeweils zuständigen Stellen vor Ort die Verantwortung für die Umsetzung tragen. Das Bundeskabinett hat 2024 Ziele, Unterziele und Maßnahmen für das Handlungsfeld „Schutz des Welterbes“ in der Klimaanpassungsstrategie beschlossen. Im Rahmen der Deutschen Anpassungsstrategie an den Klimawandel (DAS 2024) gibt es für ressortübergreifende Handlungsfelder ein Cluster „Übergreifendes“, welches gemeinsame Ziele der Ressorts enthält. Das BMUKN führt die Aktivitäten des Bundesministeriums für Bauen, Wohnen und Stadtentwicklung (BMWSB), des Beauftragten für Kultur und Medien (BKM) sowie des Auswärtigen Amtes (AA) zusammen und steuert die Zielerreichung. Dabei trägt jedes Ressort im Rahmen seiner Zuständigkeiten eigenverantwortliche Maßnahmen bei, die in der Summe die Zielerreichung gewährleisten. Für den Schutz des Welterbes vor den Folgen des Klimawandels ist als Ziel Ü-4 im Cluster „Übergreifendes“ in der Klimaanpassungsstrategie des Bundes Folgendes verankert: „Der Bund zeigt einen nationalen Rahmen mit Indikatoren und Maßnahmen auf entsprechend der internationalen Grundsatzdokumente und Aktionspläne und im Einklang mit den Verpflichtungen der Welterbekonvention, damit die UNESCO-Welterbestätten in Deutschland bis 2030 Klimaschutzmaßnahmen und/oder Klimaanpassungskonzepte oder -pläne (zum Beispiel als Teil ihrer Managementpläne, Pläne für das Katastrophenrisikomanagement und Rahmenkonzepte) entwickeln können.“ Das Ziel wird durch drei Unterziele und Maßnahmen konkretisiert. Die Unterziele lauten wie folgt: (Ü-4-1) Informations- und Datenmanagement verstetigen (Ü-4.2) Unterstützung der Maßnahmen zur Klimaanpassung der Welterbestätten im Rahmen verfügbarer Ressourcen. (Ü-4.3) Förderung von Klimaanpassungsmaßnahmen Welterbestätten im Rahmen verfügbarer Ressourcen. Für das das Ziel Ü 4 und seine Unterziele (Ü-4.1, Ü 4-2 und -Ü-4.3) sind zudem weitere Unterstützungsmaßnahmen formuliert. Für ein koordiniertes Vorgehen der Ressorts sind nun im Nachgang zu dem Kabinettsbeschluss 2024 der Sachstand und die Fortschritte bei der Zielerreichung zu bestimmen. Entsprechend der Maßnahmen zu den Unterzielen sind u.a. institutionelle Vorschläge, wie der Aufbau einer Koordinierungsstelle oder die Vernetzung auf Machbarkeit und Anknüpfungsmöglichkeiten einzuschätzen. Diesbezüglich beabsichtigt das BMUKN eine Studie in Auftrag zu geben.","2026-09-09","Deutschland","2026-09-27T06:03:44.800Z","ungeprueft","","","","",""
"https://ausschreibungen.usp.gv.at/at.gv.bmdw.eproc-p/public/tender-detail?object=a2c49245-23b2-46e1-acc7-c5a78913a090-7f147d9f-fcbf-439f-a7af-a4bba5b7f9d6","USP Bund","Raumplanung","Biberrevierkartierung zur Erfassung der aktuellen Populationsgröße und Revierverteilung im Nationalpark Donau-Auen","Nationalpark Donau-Auen GmbH","","https://ausschreibungen.usp.gv.at/at.gv.bmdw.eproc-p/public/tender-detail?object=a2c49245-23b2-46e1-acc7-c5a78913a090-7f147d9f-fcbf-439f-a7af-a4bba5b7f9d6","90700000","","2026-09-09","Österreich","2026-09-27T06:03:53.389Z","ungeprueft","","","","",""
"https://ausschreibungen.usp.gv.at/at.gv.bmdw.eproc-p/public/tender-detail?object=505019f6-4c66-4ce4-9700-a5ed3cf664c3-98266db0-63d1-45b2-8d9b-b89af44c1be2","USP Bund","Projektmanagement","Abruf aus Rahmenvereinbarung Projektmanagement Dienstleistungen","ÖBB Business Competence Center GmbH","","https://ausschreibungen.usp.gv.at/at.gv.bmdw.eproc-p/public/tender-detail?object=505019f6-4c66-4ce4-9700-a5ed3cf664c3-98266db0-63d1-45b2-8d9b-b89af44c1be2","72000000","","2026-09-09","Österreich","2026-09-27T06:04:00.701Z","ungeprueft","","","","",""
"https://ausschreibungen.usp.gv.at/at.gv.bmdw.eproc-p/public/tender-detail?object=505019f6-4c66-4ce4-9700-a5ed3cf664c3-fb6ba5f3-8044-4c35-9cc5-bbe334174ad7","USP Bund","Projektmanagement","Abruf aus Rahmenvereinbarung Projektmanagement Dienstleistungen","ÖBB Business Competence Center GmbH","","https://ausschreibungen.usp.gv.at/at.gv.bmdw.eproc-p/public/tender-detail?object=505019f6-4c66-4ce4-9700-a5ed3cf664c3-fb6ba5f3-8044-4c35-9cc5-bbe334174ad7","72000000","","2026-09-09","Österreich","2026-09-27T06:04:00.824Z","ungeprueft","","","","",""
"https://ausschreibungen.usp.gv.at/at.gv.bmdw.eproc-p/public/tender-detail?object=505019f6-4c66-4ce4-9700-a5ed3cf664c3-a8e30d13-e8d9-4090-8fa7-7b7ce956c54b","USP Bund","Strategie","9203 - DANI 3 - Neubau mechanische Fertigung, Baumeisterarbeiten","ÖBB-Technische Services-Gesellschaft mbH","","https://ausschreibungen.usp.gv.at/at.gv.bmdw.eproc-p/public/tender-detail?object=505019f6-4c66-4ce4-9700-a5ed3cf664c3-a8e30d13-e8d9-4090-8fa7-7b7ce956c54b","","","2026-09-09","Österreich","2026-09-27T06:04:06.627Z","ungeprueft","","","","",""
"https://ausschreibungen.usp.gv.at/at.gv.bmdw.eproc-p/public/tender-detail?object=fde58043-87ff-44b0-b6b0-3d089adfba4c-9110002556748_BVergG-VIII-1-Z5_217504","USP Bund","Strategie","Bad Vöslau, Pflege- und Betreuungszentrum, Neubau - 480.001 Schlosserarbeiten","Land Niederösterreich, p.A. Amt der NÖ-Landesregierung, Abteilung Gesundheitsstrategie","","https://ausschreibungen.usp.gv.at/at.gv.bmdw.eproc-p/public/tender-detail?object=fde58043-87ff-44b0-b6b0-3d089adfba4c-9110002556748_BVergG-VIII-1-Z5_217504","","","2026-09-09","Österreich","2026-09-27T06:04:06.627Z","ungeprueft","","","","",""
"https://ausschreibungen.usp.gv.at/at.gv.bmdw.eproc-p/public/tender-detail?object=fde58043-87ff-44b0-b6b0-3d089adfba4c-9110002556748_BVergG-VIII-2-Z1_159914","USP Bund","Strategie","Mauer LK - Generalsanierung Haus 5 u. 15 - 355.000 Haus 35 - Elektrotechnik","Land Niederösterreich, p.A. Amt der NÖ-Landesregierung, Abteilung Gesundheitsstrategie","","https://ausschreibungen.usp.gv.at/at.gv.bmdw.eproc-p/public/tender-detail?object=fde58043-87ff-44b0-b6b0-3d089adfba4c-9110002556748_BVergG-VIII-2-Z1_159914","","","2026-09-09","Österreich","2026-09-27T06:04:06.627Z","ungeprueft","","","","",""
"https://ausschreibungen.usp.gv.at/at.gv.bmdw.eproc-p/public/tender-detail?object=fde58043-87ff-44b0-b6b0-3d089adfba4c-9110002556748_BVergG-VIII-2-Z1_917997","USP Bund","Strategie","Mauer LK - Generalsanierung Haus 5 u. 15 - 435.000 Haus 35 - Leichtmetall-Innenportale","Land Niederösterreich, p.A. Amt der NÖ-Landesregierung, Abteilung Gesundheitsstrategie","","https://ausschreibungen.usp.gv.at/at.gv.bmdw.eproc-p/public/tender-detail?object=fde58043-87ff-44b0-b6b0-3d089adfba4c-9110002556748_BVergG-VIII-2-Z1_917997","","","2026-09-09","Österreich","2026-09-27T06:04:06.627Z","ungeprueft","","","","",""
"https://ausschreibungen.usp.gv.at/at.gv.bmdw.eproc-p/public/tender-detail?object=fde58043-87ff-44b0-b6b0-3d089adfba4c-9110002556748_BVergG-VIII-2-Z1_795216","USP Bund","Strategie","Mauer LK - Generalsanierung Haus 5 u. 15 - 455.000 Haus 35 - Trockenbauarbeiten","Land Niederösterreich, p.A. Amt der NÖ-Landesregierung, Abteilung Gesundheitsstrategie","","https://ausschreibungen.usp.gv.at/at.gv.bmdw.eproc-p/public/tender-detail?object=fde58043-87ff-44b0-b6b0-3d089adfba4c-9110002556748_BVergG-VIII-2-Z1_795216","","","2026-09-09","Österreich","2026-09-27T06:04:06.627Z","ungeprueft","","","","",""
"https://ausschreibungen.usp.gv.at/at.gv.bmdw.eproc-p/public/tender-detail?object=fde58043-87ff-44b0-b6b0-3d089adfba4c-9110002556748_BVergG-VIII-2-Z1_259873","USP Bund","Strategie","Mauer LK - Umstellung auf Fernwärme - 300.000 Heizungsinstallationen","Land Niederösterreich, p.A. Amt der NÖ-Landesregierung, Abteilung Gesundheitsstrategie","","https://ausschreibungen.usp.gv.at/at.gv.bmdw.eproc-p/public/tender-detail?object=fde58043-87ff-44b0-b6b0-3d089adfba4c-9110002556748_BVergG-VIII-2-Z1_259873","","","2026-09-09","Österreich","2026-09-27T06:04:06.627Z","ungeprueft","","","","",""
"https://ausschreibungen.usp.gv.at/at.gv.bmdw.eproc-p/public/tender-detail?object=a2c49245-23b2-46e1-acc7-c5a78913a090-3a7d2478-4ee6-4191-8acd-300afd47a8c7","USP Bund","Strategie","konsumentenfragen.at - Digitalstrategie und Website Konzept","Bundesministerium für Arbeit, Soziales, Gesundheit, Pflege und Konsumentenschutz","","https://ausschreibungen.usp.gv.at/at.gv.bmdw.eproc-p/public/tender-detail?object=a2c49245-23b2-46e1-acc7-c5a78913a090-3a7d2478-4ee6-4191-8acd-300afd47a8c7","","","2026-09-09","Österreich","2026-09-27T06:04:06.627Z","ungeprueft","","","","",""
"https://ted.europa.eu/de/notice/-/detail/619162-2026","TED","CPV 90713000-8 - Umweltberatung","Deutschland – Dienstleistungen von Architektur- und Ingenieurbüros sowie planungsbezogene Leistungen – Dynamisches Beschaffungssystem_BNB- und Nachhaltigkeitskoordination","Land Berlin – Sondervermögen Immobilien des Landes Berlin (SILB) vertreten durch BIM Berliner Immobilienmanagement GmbH","","https://ted.europa.eu/de/notice/-/detail/619162-2026","71240000; 71300000; 71318000; 71541000; 90713000; 90710000","Als öffentlicher Auftraggeber verwaltet die Berliner Immobilienmanagement GmbH über 5.000 Liegenschaften des Landes Berlin. Hierzu zählen Liegenschaften zugehörig u.a. zum Allgemeinen Bestand (z.B. Verwaltungsbauten), zu Flüchtlingsunterbringungen, Kulturgebäuden, Polizei und Feuerwehreinrichtungen sowie Schulen und Justizgebäuden. Im Zuge dieser Verwaltungseigenschaft besteht regelmäßig der Beschaffungsbedarf hinsichtlich vielfältiger Leistungen aus dem Bereich der BNB- und / oder Nachhaltigkeitskoordination. Im Rahmen des dynamischen Beschaffungssystems sollen regelmäßig Ausschreibungen für BNB- und / oder Nachhaltigkeitskoordination durchführt werden. Ziel ist es über einen Teilnahmewettbewerb einen Bieterpool aufzubauen, der für zukünftige Ausschreibungen zur Verfügung steht. Die Aufnahme in den Bieterpool ermöglicht die Teilnahme an zukünftigen Ausschreibungen für BNB- und / oder Nachhaltigkeitskoordination. Unter anderem sollen Leistungen über die dynamische Beschaffung bzgl. folgender Bereiche abgedeckt werden: Zu Kategorie I: BNB-Koordination - Leistungsbild: Der Auftragnehmer übernimmt die Koordination und fachliche Begleitung der angestrebten BNB-Zertifizierung über alle Projektphasen hinweg. Ziel ist die Sicherstellung der Einhaltung der Anforderungen des Bewertungssystems Nachhaltiges Bauen (BNB) sowie die erfolgreiche Durchführung der Konformitätsprüfung bis zur Zertifikatserlangung. Hierzu gehören die Definition und Abstimmung der Nachhaltigkeitsziele, die Steuerung der Nachweisführung, die Durchführung der BNB-Bewertung sowie die fachliche Begleitung von Planung, Ausschreibung und Bauausführung. Zu Kategorie II: Nachhaltigkeitskoordination - Leistungsbild: • Nachhaltige Projektbegleitung – Fachliche Steuerung von Bau und Sanierungsprojekten unter Berücksichtigung von Kreislaufwirtschaft, Ressourcenschonung und ökologischer Optimierung über den gesamten Lebenszyklus. • Re Use und Materialstrategien – Analyse des Bestands, Bewertung von Wiederverwendungspotenzialen, Entwicklung zirkulärer Bauweisen, Erstellung von Materialkatalogen und Gebäuderessourcenpässen. • Ökobilanzierung und Lebenszyklusbewertung – Vergleich von Varianten, Berechnung von CO2- Einsparungen, Lebenszykluskosten und Umweltwirkungen sowie Dokumentation für nachhaltige Entscheidungsgrundlagen. Zu Kategorie III: BNB-Koordination und Nachhaltigkeitskoordination - Leistungsbild: Die Kategorie III bildet ein kombiniertes Leistungsbild der Kategorien I bis II ab. Bei bestimmten Aufträgen (insbesondere bzgl. Portfolio Polizei oder Justizgebäuden) kann eine Sicherheits- und /oder Zuverlässigkeitsüberprüfung des eingesetzten Personals erforderlich sein. Weitere Einzelheiten siehe Vergabeunterlagen (insbesondere Verfahrensbrief und Kurzerläuterung).","2026-09-08","Deutschland","2026-09-27T06:03:33.804Z","ungeprueft","","","","",""
"https://ausschreibungen.usp.gv.at/at.gv.bmdw.eproc-p/public/tender-detail?object=505019f6-4c66-4ce4-9700-a5ed3cf664c3-61eb6d61-761d-4a10-b6b3-2a5660268e3a","USP Bund","Raumplanung","Beratungsleistungen Organisation","ÖBB Business Competence Center GmbH","","https://ausschreibungen.usp.gv.at/at.gv.bmdw.eproc-p/public/tender-detail?object=505019f6-4c66-4ce4-9700-a5ed3cf664c3-61eb6d61-761d-4a10-b6b3-2a5660268e3a","79000000","","2026-09-08","Österreich","2026-09-27T06:03:53.517Z","ungeprueft","","","","",""
"https://ausschreibungen.usp.gv.at/at.gv.bmdw.eproc-p/public/tender-detail?object=a2c49245-23b2-46e1-acc7-c5a78913a090-2810c973-cd86-4846-a33f-f1f8cf43c542","USP Bund","Projektmanagement","10., Wendstattgasse 7","Stadt Wien - Wiener Wohnen","","https://ausschreibungen.usp.gv.at/at.gv.bmdw.eproc-p/public/tender-detail?object=a2c49245-23b2-46e1-acc7-c5a78913a090-2810c973-cd86-4846-a33f-f1f8cf43c542","71541000; 71247000","","2026-09-08","Österreich","2026-09-27T06:04:00.950Z","ungeprueft","","","","",""
"https://ausschreibungen.usp.gv.at/at.gv.bmdw.eproc-p/public/tender-detail?object=41a809d9-0b61-4991-86b8-74dc07973af3-d726cf37-6a49-4e27-b82c-86a970af70cc","USP Bund","Projektmanagement","A5 BHB STP Walterskirchen - örtliche Bauaufsicht","Autobahnen- und Schnellstraßen-Finanzierungs-Aktiengesellschaft","","https://ausschreibungen.usp.gv.at/at.gv.bmdw.eproc-p/public/tender-detail?object=41a809d9-0b61-4991-86b8-74dc07973af3-d726cf37-6a49-4e27-b82c-86a970af70cc","71520000; 71000000","","2026-09-08","Österreich","2026-09-27T06:04:01.082Z","ungeprueft","","","","",""
"https://ausschreibungen.usp.gv.at/at.gv.bmdw.eproc-p/public/tender-detail?object=fde58043-87ff-44b0-b6b0-3d089adfba4c-9110002556748_BVergG-VIII-2-Z1_962103","USP Bund","Strategie","Mauer LK - Generalsanierung Haus 5 u. 15 - 300.000 Haus 35 - Heizung Lüftung Sanitär","Land Niederösterreich, p.A. Amt der NÖ-Landesregierung, Abteilung Gesundheitsstrategie","","https://ausschreibungen.usp.gv.at/at.gv.bmdw.eproc-p/public/tender-detail?object=fde58043-87ff-44b0-b6b0-3d089adfba4c-9110002556748_BVergG-VIII-2-Z1_962103","","","2026-09-08","Österreich","2026-09-27T06:04:06.627Z","ungeprueft","","","","",""
"https://ausschreibungen.usp.gv.at/at.gv.bmdw.eproc-p/public/tender-detail?object=fde58043-87ff-44b0-b6b0-3d089adfba4c-9110002556748_BVergG-VIII-2-Z1_648775","USP Bund","Strategie","Mauer LK - Generalsanierung Haus 5 u. 15 - 485.000 Haus 35 - Maler- und Anstreicherarbeiten","Land Niederösterreich, p.A. Amt der NÖ-Landesregierung, Abteilung Gesundheitsstrategie","","https://ausschreibungen.usp.gv.at/at.gv.bmdw.eproc-p/public/tender-detail?object=fde58043-87ff-44b0-b6b0-3d089adfba4c-9110002556748_BVergG-VIII-2-Z1_648775","","","2026-09-08","Österreich","2026-09-27T06:04:06.627Z","ungeprueft","","","","",""
"https://ausschreibungen.usp.gv.at/at.gv.bmdw.eproc-p/public/tender-detail?object=fde58043-87ff-44b0-b6b0-3d089adfba4c-9110002556748_BVergG-VIII-1-Z2_236500","USP Bund","Strategie","Mistelbach LK - Dringl. elektrotechnische Maßnahmen - 355.000 Elektrotechnik","Land Niederösterreich, p.A. Amt der NÖ-Landesregierung, Abteilung Gesundheitsstrategie","2026-10-13","https://ausschreibungen.usp.gv.at/at.gv.bmdw.eproc-p/public/tender-detail?object=fde58043-87ff-44b0-b6b0-3d089adfba4c-9110002556748_BVergG-VIII-1-Z2_236500","","","2026-09-08","Österreich","2026-09-27T06:04:06.627Z","ungeprueft","","","","",""
"https://ausschreibungen.usp.gv.at/at.gv.bmdw.eproc-p/public/tender-detail?object=009b7802-0b04-4fee-8dac-3922bd5098ae-KD_2368095","USP Bund","Strategie","konsumentenfragen.at - Digitalstrategie und Website Konzept","Bundesministerium für Arbeit, Soziales, Gesundheit, Pflege und Konsumentenschutz - Sektion III/Gruppe A (Konsumentenpolitik, Lebensmittelrecht und technologische Lebensmittelrisiken)","","https://ausschreibungen.usp.gv.at/at.gv.bmdw.eproc-p/public/tender-detail?object=009b7802-0b04-4fee-8dac-3922bd5098ae-KD_2368095","","","2026-09-08","Österreich","2026-09-27T06:04:06.627Z","ungeprueft","","","","",""
"https://ted.europa.eu/de/notice/-/detail/616044-2026","TED","CPV 71410000-5 - Raumplanung","Deutschland – Dienstleistungen von Architektur- und Ingenieurbüros sowie planungsbezogene Leistungen – BG Klinikum Hamburg - Neubau Bergedorf - Allianzpartner 2 - ARCH | Integrierte Gebäude-, Freianlagen- und Verkehrsplanung","BG Klinikum Hamburg gGmbH","2026-09-29T23:59:59+02:00","https://ted.europa.eu/de/notice/-/detail/616044-2026","71240000; 71221000; 71222000; 71410000; 71327000; 71322500; 71314310; 71317100; 71322000; 71313200; 71332000; 71300000; 71313100","Gegenstand des Projektes ist der Neubau des Berufsgenossenschaftlichen Klinikums am Standort Hamburg-Bergedorf. Dieses soll auf seinem bestehenden Areal mit einer Größe von rund 25,3 ha grundlegend neu organisiert und zu einem zukunftsweisenden Klinikcampus mit rund 350 Betten entwickelt werden. Die Zielgrößen für den Neubau umfassen eine Bruttogrundfläche (BGF) von ca. 66.000 qm und eine Nutzungsfläche (NUF) von ca. 30.000 qm. Darüber hinaus ist im Rahmen des 2. Bauabschnitts eine Erweiterung des Reha-Angebots um ca. 11.000 qm vorgesehen. Zusätzlich sind Erweiterungsflächen von ca. 10.000 qm zu berücksichtigen. Damit ergibt sich eine Gesamtnutzungsfläche von ca. 51.000 qm. Ziel der Planung ist die Schaffung eines modernen Gesundheitsstandorts, der ambulante und stationäre Versorgung in einem funktional und räumlich integrierten Neubau vereint und moderne Infrastrukturen sowie optimale Arbeitsbedingungen für eine hochspezialisierte medizinische Versorgung schafft. Im Mittelpunkt steht eine Spitzenmedizin mit Rehabilitationsauftrag aus einer Hand, die konsequent auf den langfristigen Behandlungserfolg ausgerichtet ist. Der Klinikcampus bildet das vielfältige medizinische Leistungsspektrum des Standorts ab. Er umfasst insbesondere die Bereiche Diagnostik und Therapie für die stationäre und ambulante Versorgung sowie weitere Funktions- und Nutzungsbereiche, unter anderem für Forschung und Lehre, Erschließung, Ver- und Entsorgung, sonstige Einrichtungen (u. a. MVZ und Versorgungstechnik) sowie die Freianlagen. Weiterführende Angaben zu den Flächenquantitäten sowie zum Raumprogramm und zu den funktionalen und räumlichen Affinitäten innerhalb des Raumprogramms (Betriebsorganisationsplanung) werden mit der Aufforderung zur Angebotsabgabe zur Verfügung gestellt. Die Planung soll eine wirtschaftliche, flexible und zukunftsfähige Krankenhausstruktur schaffen, die modernste medizinische Versorgung mit den Prinzipien der Healing Architecture verbindet. Mit dem Neubau soll ein landschaftsbezogener Klinikcampus entstehen, der eine heilungsfördernde Umgebung für Patientinnen und Patienten sowie attraktive Arbeitsbedingungen für Mitarbeitende schafft.","2026-09-07","Deutschland","2026-09-27T06:03:22.360Z","ungeprueft","","","","",""
"https://ted.europa.eu/de/notice/-/detail/612562-2026","TED","CPV 79419000-4 - Evaluation","Deutschland – Beratung in Sachen Evaluierung – Evaluation des Förderprogramms „Exportinitiative Umweltschutz“ des Bundesministeriums für Umwelt, Klimaschutz, Naturschutz und nukleare Sicherheit (2020 bis 2025)","Bundesministerium für Umwelt, Klimaschutz, Naturschutz und nukleare Sicherheit","","https://ted.europa.eu/de/notice/-/detail/612562-2026","79419000; 73000000","Umweltinnovationen und Klimatechnologien sind zentrale Säulen der deutschen Industrie und des Mittelstands. Mit der „Exportinitiative Umweltschutz“ (kurz EXI) fördert das Bundesministerium für Umwelt, Klimaschutz, Naturschutz und nukleare Sicherheit (BMUKN) seit 2016 den deutschen Clean- und GreenTech-Mittelstand bei Projekten, die den Know-how-Transfer sowie die Anwendung deutscher Umweltschutz- und Ressourceneffizienztechnologien weltweit unterstützen. Globaler Umwelt- und Klimaschutz gelingt nur, wenn auch die notwendigen Infrastrukturen sowie rechtliche, politische und administrative Rahmenbedingungen vorhanden sind. Das Förderprogramm stärkt die deutsche Clean- und GreenTech-Branche (überwiegend KMU) darin, gemeinsam mit lokalen Partnern weltweit nachhaltige technische Lösungen für Umweltprobleme umzusetzen. Als Umweltprogramm mit klarem Wirtschaftsfokus fördert es investive Projekte in den Bereichen: • Kreislauf- und Ressourcenwirtschaft • Wasser- und Abwassertechnik • Netzferne grüne Wasserstoff- und Brennstoffzellentechnologien und • Innovative Querschnittstechnologien Die EXI bilanziert zu ihrem zehnjährigen Bestehen über 200 Projekte mit „GreenTech made in Germany“ in rund 100 Entwicklungs- und Schwellenländern und einem Fördervolumen von 82 Millionen Euro. Mit ihrem Umweltfokus und ihrem vergleichsweise flexiblen Unterstützungsprofil schlägt die EXI im Förderkontext des Bundes eine Verbindung zwischen dem Bereich der Entwicklungszusammenarbeit und klassischer Exportförderung. Die EXI hat sich als wichtiger Baustein im Rahmen der ressortübergreifenden Zusammenarbeit – insbesondere zu Maßnahmen des Bundeswirtschaftsministeriums (BMWE) - etabliert und ergänzt die „klassische“ Außenwirtschaftsförderung mit einem spezifischen Umweltfokus. Gegenstand ist die zweite Evaluierung des EXI-Förderprogramms. Es sollen Zielerreichung, Wirkung und Wirtschaftlichkeit des Förderprogramms „Exportinitiative Umweltschutz“ untersucht werden. Eine Evaluierung des Programms soll eine fundierte Einschätzung der erzielten positiven Effekte ermöglichen, aber auch Defizite aufzeigen, sodass der Auftraggeber auf dieser Basis die Gestaltung künftiger Maßnahmen und Programme gegebenenfalls optimieren kann. Im Jahr 2021 wurde die EXI erstmalig von der „Gesellschaft für Innovationsforschung und Beratung mbH“ (IFGE) im Auftrag des Bundesumweltministerium für den Zeitraum von Programmbeginn 2016 bis 2019 evaluiert. Diese erste Evaluation stellt den Ausgangspunkt für die zweite Evaluation der EXI dar. Das Förderprogramm hat in den letzten Jahren mehrere Neuerungen erfahren und wurde stetig weiterentwickelt. Wesentliche Meilensteine waren z.B. die Einführung der EXI-Baumpflanzaktion, das neue Handlungsfeld für grüne Wasserstoff- und Brennstoffzellentechnologien zur dezentralen, netzfernen Stromversorgung (seit März 2021), der Wechsel der Projektträgerin für die EXI im Januar 2022, der neue Programmname „Exportinitiative Umweltschutz“ (bis Juli 2021 unter „Exportinitiative Umwelttechnologien“) sowie insb. auch die Schwerpunktsetzung der EXI im Jahr 2022 auf investiven Komponenten für mehr Investitionsförderungen im Bereich GreenTech . Gegenstand der Evaluierung sind die im Rahmen der Förderrichtlinien vom 21. Mai 2019, 30. April 2021 sowie vom 02. Mai 2024 geförderten und durchgeführten Projekte . Es handelt sich dabei um 75 Einzel- und Verbundprojekte mit insgesamt 94 Teilvorhaben, die im Zeitraum 2020 bis 2025 vom BMUKN bewilligt wurden und deren Projektlaufzeit gleichzeitig beendet ist. Die überwiegende Anzahl an Projekten (über 70 Teilvorhaben) ist bereits formal abgeschlossen worden. Zu den Zuwendungsprojekten gehören zusätzlich 12 Einzelmaßnahmen , sogenannte Ländermodule, die Teil der Evaluation sein sollen. Diese wurden im Zeitraum 2020 bis 2025 vom BMUKN beauftragt und von der Gesellschaft für Internationale Zu-sammenarbeit (GIZ) GmbH durchgeführt.","2026-09-07","Deutschland","2026-09-27T06:03:25.603Z","ungeprueft","","","","",""
"https://ted.europa.eu/de/notice/-/detail/613714-2026","TED","CPV 90713000-8 - Umweltberatung","Deutschland – Dienstleistungen im Umweltschutz – Ausbau Hafeninfrastruktur zur verbesserten Sammlung und Entsorgung UNSEA AP 5","Fraunhofer UMSICHT","","https://ted.europa.eu/de/notice/-/detail/613714-2026","90700000; 90713000","Gegenstand der vorliegenden Ausschreibung sind Leistungen zur fachlichen und operativen Unterstützung von Fraunhofer UMSICHT im Bereich „Ausbau Hafeninfrastruktur zur verbesserten Sammlung und Entsorgung“. Die Leistung umfasst ferner Zuarbeiten zu den Querschnittsaufgaben Projektsteuerung und Öffentlichkeitsarbeit sowie weitere Leistungen aus der Ausschreibung des Umweltbundesamtes. Die Leistung ist als Unterstützungs-, Mitwirkungs- und Zuarbeitsleistung für den Auftraggeber zu erbringen.","2026-09-07","Deutschland","2026-09-27T06:03:33.804Z","ungeprueft","","","","",""
"https://ted.europa.eu/de/notice/-/detail/614248-2026","TED","CPV 75112100-5 - Verwaltungsentwicklung","Deutschland – Mit Entwicklungsprojekten verbundene Verwaltungsdienstleistungen – 6.1_Süderwisch Sanierungsberater und Quartiersmanager","Stadt Cuxhaven","","https://ted.europa.eu/de/notice/-/detail/614248-2026","75112100","Die Stadt beabsichtigt zur Vorbereitung, Durchführung und Abwicklung der städtebaulichen Gesamtmaßnahme ein geeignetes Unternehmen als Beauftragten zur Sanierung im Sinne der §§ 157 ff. BauGB mit Unterstützungsleistungen zu beauftragen, wobei es zu den Aufgaben des Aufragnehmers gehört, einen Quartiersmanager zu stellen, der auch wichtige Funktionen der Sanierungsleistungen übernimmt. Gegenstand der Ausschreibung sind daher Sanierungsberatungsleistungen und das Quartiersmanagement nach Maßgabe der Leistungsbeschreibung.","2026-09-07","Deutschland","2026-09-27T06:03:38.646Z","ungeprueft","","","","",""
"https://ted.europa.eu/de/notice/-/detail/614691-2026","TED","CPV 75112100-5 - Verwaltungsentwicklung","Deutschland – Mit Entwicklungsprojekten verbundene Verwaltungsdienstleistungen – 5.1_B 73 OD Cux Altenwalder Chaussee","Stadt Cuxhaven","","https://ted.europa.eu/de/notice/-/detail/614691-2026","75112100","Ausgeschrieben wird die Objektplanung der Verkehrsanlagen (Teile der Leistungsphase 3, der Leistungsphasen 5-7 und optional die Leistungsphase 4) der innerörtlichen Verkehrsanlagen im Verlauf der B 73 Altenwalder Chaussee und ein Teilstück der Abendrothstraße in der Stadt Cuxhaven in Niedersachsen. Vorgesehen ist die Erneuerung der Fahrbahnflächen, der Rad- und Gehwege, der Bushaltestellen, der Straßenausstattung, der Straßenentwässerung, die verkehrsgerechte Anpassung der Knotenpunkte B73/Süderwisch/Drangstweg und B73/K2/Südersteinstraße, die Anpassung / Erneuerung der Lichtsignalanlagen sowie der Neubau einer Querungsstelle in Höhe des Emil-Maetzel-Weges. Die Planungsleistungen der Verkehrsanlagen wird in der Anlage B1 LB-Verkehrsanlagen ausgeschrieben. Die Planungsleistungen für eine Straßenentwässerung einschließlich Regenwasserbehandlung wird in Anlage B2 LB-Ingenieurbauwerke ausgeschrieben. Die Planungsleistungen für eine Böschungssicherung auf einer Länge von ca. 200 m wird in Anlage B3 LB-Ingenieurbauwerke ausgeschrieben. Die Leistungsphase 8 Oberbauleitung wird für alle Bauteile ausgeschrieben (Anlage B4). Es handelt sich um eine gemeinschaftliche Maßnahme von der Niedersächsischen Landesbehörde für Straßenbau, Geschäftsbereich Stade und der Stadt Cuxhaven. Die Ausschreibung der Planungsleistungen und die gesamte Begleitung der Baumaßnahme erfolgt über die Stadt Cuxhaven.","2026-09-07","Deutschland","2026-09-27T06:03:38.646Z","ungeprueft","","","","",""
"https://ted.europa.eu/de/notice/-/detail/613484-2026","TED","CPV 79421100-2 - Projektaufsicht","Deutschland – Dienstleistungen für die öffentliche Verwaltung – Projektträgerschaft für das Förderprogramm „CO₂‑Differenzverträge“ (ehemals „Klimaschutzverträge“)","Bundesministerium für Wirtschaft und Energie","","https://ted.europa.eu/de/notice/-/detail/613484-2026","75131000; 73000000; 79416200; 79421000; 79421100; 79210000","Gegenstand der zu vergebenden Leistung ist die Übernahme von Projektträgeraufgaben (Aufgaben als administrierende Stelle) im Zusammenhang mit der direkten Projektförderung für Investitionen in klimaneutrale Produktionskapazitäten. Ziel der Unterstützungsleistung ist die Entlastung des AG von Aufgaben nicht ministerieller Art bei der fachlichen und administrativen Planung, Durchführung und Kontrolle des Förderprogramms sowie der Gewährleistung des zweckentsprechenden und effizienten Einsatzes der Fördermittel.","2026-09-07","Deutschland","2026-09-27T06:03:41.592Z","ungeprueft","","","","",""
"https://ted.europa.eu/de/notice/-/detail/614806-2026","TED","INTERREG","Slowenien – Messeeinrichtungen – Javno naročilo za postavitev opreme in interpretacijskih vsebin Informacijskega centra Geoparka Kras–Carso v Lipici (KRAS-CARSO II)","OBČINA SEŽANA","","https://ted.europa.eu/de/notice/-/detail/614806-2026","39154000","Predmet javnega naročila je postavitev opreme in vsebinskih elementov info centra Geoparka Kras-Carso v Lipici v sklopu rekonstrukcije objekta mejnega prehoda Lipica-faza 2 (projekt Kras Carso II, Program Interreg VI-A ITALIJA-SLOVENIJA 2021-2027). II. faza obnove obstoječega objekta bivšega mejnega prehoda Lipica bo izvedena v sklopu projekta KRAS-CARSO II, ki ga sofinancira Evropska unija v okviru Programa Interreg VI-A Italija-Slovenija.","2026-09-07","Slowenien","2026-09-27T06:03:49.204Z","ungeprueft","","","","",""
"https://ted.europa.eu/de/notice/-/detail/611183-2026","TED","CPV 71410000-5 - Raumplanung","Deutschland – Stadtplanung – Sanierungsmanagement Klimaquartier Ramersdorf","Landeshauptstadt München, Referat für Stadtplanung und Bauordnung, HA III/23","","https://ted.europa.eu/de/notice/-/detail/611183-2026","71410000; 90712100","Beauftragung eines Sanierungsmanagements für das ""Klimaquartier Ramersdorf"" im Stadtbezirk 16 - Ramersdorf-Perlach","2026-09-04","Deutschland","2026-09-27T06:03:22.360Z","ungeprueft","","","","",""
"https://ted.europa.eu/de/notice/-/detail/611422-2026","TED","CPV 90713000-8 - Umweltberatung","Österreich – Dienstleistungen im Grafik-Design – Magazin Umwelt & Energie (U&E) Grafik und Externe Redaktionsunterstützung","Land Niederösterreich, p.A. Amt der NÖ-Landesregierung","","https://ted.europa.eu/de/notice/-/detail/611422-2026","79822500; 90713000","Vollständige grafische Erstellung eines 52seitigen Magazins 4x/a inkl. Covergestaltung und Übergabe der Druckunterlage an die Druckerei.Externe Redaktionsunterstützung 4x/a mit inhaltlichen Umwelt- und Naturschwerpunkt inkl. Lektorat und Beratung bei der Themensetzung.","2026-09-04","Österreich","2026-09-27T06:03:33.804Z","ungeprueft","","","","",""
"https://ted.europa.eu/de/notice/-/detail/612043-2026","TED","CPV 72224000-1 - IT-Projektmanagement","Deutschland – Projektmanagement, außer Projektüberwachung von Bauarbeiten – Winterberg - Umbau und Sanierung der ehem. Sekundarschule Siedlinghausen - Los 4: Projektmanagementleistungen","Stadt Winterberg","","https://ted.europa.eu/de/notice/-/detail/612043-2026","79421000; 72224000","Die Stadt Winterberg plant aufgrund des neuen Rechtsanspruchs auf Ganztagsbetreuung an Grundschulen den Umzug der Katholischen Grundschule St. Josef in Siedlinghausen in das benachbarte Gebäude der ehemaligen Sekundarschule. Auf dieser Grundlage ist eine um-fassende Sanierung des Bestandsgebäudes vorgesehen. Zur Übernahme der erforderlichen Architektur- und Ingenieurleistungen sucht die Stadt Win-terberg nun mehrere geeignete Auftragnehmer.","2026-09-04","Deutschland","2026-09-27T06:03:35.916Z","ungeprueft","","","","",""
"https://ted.europa.eu/de/notice/-/detail/611806-2026","TED","CPV 85312320-8 - Beratung","Italien – Beratungsdienste – L'appalto ha ad oggetto l'esecuzione del servizio, articolato in un unico lotto, di consulenza strategica nello sviluppo e nell'implementazione di progetti industriali RAI Il Servizio è articolato nelle seguenti principali attività: a)servizi di consulenza per lo sviluppo di piani industriali; b)servizi di consulenza strategica per singoli progetti aziendali; c) servizi di program/project manageme","RAI S.p.A.","","https://ted.europa.eu/de/notice/-/detail/611806-2026","85312320","L'appalto ha ad oggetto l'esecuzione del servizio, articolato in un unico lotto, di consulenza strategica nello sviluppo e nell'implementazione di progetti industriali RAI Il Servizio è articolato nelle seguenti principali attività: a)servizi di consulenza per lo sviluppo di piani industriali; b)servizi di consulenza strategica per singoli progetti aziendali; c) servizi di program/project management a supporto dell'implementazione di piani industriali e di progetti strategici. L'aggiudicatario opererà in autonomia sotto la diretta supervisione del top management di RAI su tutte le attività di cui sopra oppure anche supportando gruppi di lavoro e/o funzioni aziendali incaricate dello sviluppo del Piano Industriale e/o dell'implementazione dei Piani con riferimento a parte delle attività precedentemente indicate.","2026-09-04","Italien","2026-09-27T06:03:39.697Z","ungeprueft","","","","",""
"https://ted.europa.eu/de/notice/-/detail/610364-2026","TED","INTERREG","Tschechien – Möbel – Dodávka kusového nábytku a mobiliáře do návštěvnického centra Via botanica","Oblastní charita Červený Kostelec","","https://ted.europa.eu/de/notice/-/detail/610364-2026","39100000; 39110000; 39121000; 39130000; 39150000","Předmětem veřejné zakázky je dodávka kusového nábytku a mobiliáře do objektu návštěvnického centra a zázemí Via botanica v areálu Domova sv. Josefa, budově bývalé bramborárny, nyní Bylinkárium ve Dvoře Králové nad Labem, městská část Žireč. Podrobný a přesný popis předmětu plnění veřejné zakázky je uveden v přílohách ZD.","2026-09-04","Tschechien","2026-09-27T06:03:49.204Z","ungeprueft","","","","",""
"https://ausschreibungen.usp.gv.at/at.gv.bmdw.eproc-p/public/tender-detail?object=505019f6-4c66-4ce4-9700-a5ed3cf664c3-3900d702-2fac-4bec-a315-bf842aa1ca82","USP Bund","Strategie","Erneuerungsstrategie Stellwerke 2.0 (Phase 1) - Digitales Stellwerk DSTW – Streckenausrüstung Errichtung, Erweiterungen, Umbauten und Instandhaltung","ÖBB-Infrastruktur AG","","https://ausschreibungen.usp.gv.at/at.gv.bmdw.eproc-p/public/tender-detail?object=505019f6-4c66-4ce4-9700-a5ed3cf664c3-3900d702-2fac-4bec-a315-bf842aa1ca82","","","2026-09-04","Österreich","2026-09-27T06:04:06.627Z","ungeprueft","","","","",""
"https://ted.europa.eu/de/notice/-/detail/609243-2026","TED","CPV 79421000-1 - Projektmanagement","Deutschland – Projektmanagement, außer Projektüberwachung von Bauarbeiten – Weiterbeauftragung des Förderportals im Rahmen von „Demokratie leben!“","Bundesministerium für Bildung, Familie, Senioren, Frauen und Jugend","","https://ted.europa.eu/de/notice/-/detail/609243-2026","79421000","1. Ausgangssituation Der avisierte Auftragnehmer INNOVATION NATIVES wurde im Jahr 2024 im Rahmen eines europaweiten Vergabeverfahrens mit Teilnahmewettbewerb mit der Entwicklung, technischen Umsetzung und Weiterentwicklung des Förderportals des Bundesprogramms „Demokratie leben!“ beauftragt. Diese Beauftragung ist Teil eines am 16.02.2023 geschlossenen Rahmenvertrages mit INNOVATION NATIVES, über welchen technische Lösungen für verschiedene Themen des Auftraggebers abgedeckt werden. Das Portal bildet sämtliche verwaltungsrechtliche Verfahrensabläufe im Rahmen des Bundesprogramms ab, vom Interessenbekundungsverfahren über Antragsstellung bis hin zur Verwendungsnachweisprüfung. Die Entwicklung und technische Umsetzung erfolgt auf Grundlage einer durch den Auftragnehmer entwickelten Systemarchitektur einschließlich Quellcode, Datenmodell, Schnittstellen, Authentifizierungs- und Berechtigungskonzept, Integrationskomponenten und technische Betriebsumgebung. Die ursprüngliche Planung sah den Abschluss der Entwicklung zum 31.12.2026 und der damit einhergehenden Beendigung des Einzelabrufes innerhalb des laufenden Rahmenvertrages für das Projekt vor. Das Erbringen dieser Leistung innerhalb des Vertragszeitraums war aus verschiedenen, unabsehbaren und nachfolgend ausformulierten Gründen nicht möglich und machten eine sorgfältige Planungsanpassung unabdingbar. 2. Konsequenzen der Änderung der programmatischen Rahmenbedingungen Nach Beauftragung wurden, ausgelöst durch politische, fachliche und organisatorische Entscheidungen, Rahmenbedingungen des Bundesprogramms „Demokratie leben!“ verändert. Die daraus resultierende Neuausrichtung des Programms während der laufenden Förderperiode erfordert eine erhebliche Anpassung der fachlichen und z.T. auch strukturellen Anforderungen an das Portal. Die erforderlichen Anpassungen beschränken sich dabei nicht auf einzelne isolierte Funktions- und Modulerweiterungen, sondern umfassen die Gesamtstruktur und -systematik. Notwendig werden flexibler aufgestellte Geschäftsprozesse, eine stärkere Editier- und Adaptierbarkeit sowie ein smartes Konzept zu Nutzenden- und Rollenmodellen. Veränderte Förderlogiken wirken sich auf Antrags-, Bewertungs- und Berichtsprozesse sowie Schnittstellen aus, während Datenstrukturen einerseits bestehen bleiben, aber anpassbarer werden müssen. Die erforderlichen Leistungen stellen deshalb eine technisch und funktional eng mit der bereits entwickelten Systemlösung verbundene Weiterentwicklung dar. Durch ebendiese Weiterentwicklung gibt es einen Abbruch für einen Großteil der laufenden Projekte im Rahmen des Bundeprogramms. Um die damit einhergehende Unsicherheit für Zuwendungsempfänger abzufedern, sollen ab 2027 überjährige Anträge und Bewilligungen ermöglicht werden - als Sicherheit bringende Langfristperspektive. Insbesondere diese Entscheidung führte zu zusätzlichen fachlichen und technischen Anforderungen, die im ursprünglichen Projektumfang für 2026 nicht vorgesehen waren. Um diese politische Vorgabe innerhalb des Förderportals abbilden zu können, mussten die verfügbaren Ressourcen kurzfristig auf die Konzeption und Umsetzung der überjährigen Antragstellung, Prüfung und Bescheiderstellung konzentriert werden.","2026-09-03","Deutschland","2026-09-27T06:03:20.249Z","ungeprueft","","","","",""
"https://ted.europa.eu/de/notice/-/detail/607892-2026","TED","CPV 73220000-0 - Entwicklungsberatung","Deutschland – Beratung im Bereich Entwicklung – Tourist-Information der Zukunft - Prozessoptimierung und Digitalisierung in der Südeifel und im Gerolsteiner Land","Verbandsgemeinde Südeifel","","https://ted.europa.eu/de/notice/-/detail/607892-2026","73220000","Die Verbandsgemeinde Südeifel plant gemeinsam mit weiteren touristischen Partnern in der Region die Umsetzung des Vorhabens „Tourist-Information der Zukunft“ –Prozessoptimierung und Digitalisierung in der Südeifel und im Gerolsteiner Land. Im Vordergrund stehen dabei Prozessoptimierung und Digitalisierung in der Südeifel und im Gerolsteiner Land. Beteiligt sind folgende Partner: Felsenland Südeifel Tourismus GmbH, Touristik GmbH Gerolsteiner Land, Zweckverband Feriengebiet Bitburger Land, Tourist-Information Prüm/Verbandsgemeinde Prüm sowie Tourist-Information Islek/Verbandsgemeinde Arzfeld. Fachkräftemangel, steigende Personal- und Betriebskosten sowie angespannte kommunale Haushalte stellen die Tourismusbranche vor tiefgreifende Herausforderungen. Zugleich verändern sich die Erwartungen der Gäste, die zunehmend digitale, serviceorientierte und zugleich effiziente Angebote voraussetzen. Zielsetzung der Ausschreibung ist es, die internen Strukturen der beteiligten Organisationen grundlegend weiterzuentwickeln. Im Mittelpunkt stehen dabei die Optimierung und Harmonisierung von Prozessen, der Aufbau einer gemeinsamen Wissensdatenbank für alle beteiligten Partner, sowie die Integration von KI-Tools in bestehende Arbeitsabläufe um diese effizienter und zukunftsfähig zu gestalten. Die gemeinsame Wissensbasis soll als zentraler Informationshub dienen, Ressourcen bündeln, Entscheidungen beschleunigen und Kosten senken.","2026-09-03","Deutschland","2026-09-27T06:03:21.146Z","ungeprueft","","","","",""
"https://ted.europa.eu/de/notice/-/detail/607745-2026","TED","CPV 90713000-8 - Umweltberatung","Deutschland – Beratung in Umweltfragen – Neubau KV MHH Umweltverträglichkeitsprüfung","HBG Hochschulmedizin Hannover Baugesellschaft mbH","","https://ted.europa.eu/de/notice/-/detail/607745-2026","90713000; 90700000; 90712000","Gegenstand und Zielsetzung: Die Leistung umfasst die vollständige Durchführung einer UVP-Vorprüfung des Einzelfalls für den Neubau der Baustufe 1 der Krankenversorgung der Medizinischen Hochschule Hannover (MHH) inklusive Hubschrauberdachlandeplatz.","2026-09-03","Deutschland","2026-09-27T06:03:33.803Z","ungeprueft","","","","",""
"https://ted.europa.eu/de/notice/-/detail/607844-2026","TED","CPV 72224000-1 - IT-Projektmanagement","Deutschland – Softwareprogrammierung und -beratung – Umstellung der Finanzsoftware von OK.FIS auf OK.FINN","Stadtverwaltung Hürth","","https://ted.europa.eu/de/notice/-/detail/607844-2026","72200000; 72211000; 72220000; 72224000; 72224100; 72227000; 72250000; 72253000; 72253100; 72253200; 72260000; 72261000; 72262000; 72263000; 72265000; 72268000; 72300000","Die Stadt Hürth plant die Umstellung der bislang genutzten Finanzsoftware OK.FIS auf die webbasierte Weiterentwicklung OK.FINN. Der Umstieg soll sukzessive in den Jahren 2026 bis 2030 erfolgen. Beide Softwarelösungen werden von der AKDB entwickelt und betrieben. Beabsichtigt ist nunmehr eine unmittelbare Beauftragung der AKDB, Hansastraße 12-16 in 80686 München entsprechend des § 14 Absatz 4 Nr. 2b und Nr. 5 VgV im Rahmen eines Verhandlungsverfahrens ohne Teilnahmewettbewerb.","2026-09-03","Deutschland","2026-09-27T06:03:35.916Z","ungeprueft","","","","",""
"https://ted.europa.eu/de/notice/-/detail/606420-2026","TED","CPV 79411000-8 - Managementberatung","Deutschland – Dienstleistungen für die öffentliche Verwaltung – Projektträgerschaft zur fachlichen und administrativen Umsetzung der Förderrichtlinie „Etablierung einer industriellen Bioökonomie durch die Weiterentwicklung und Skalierung biobasierter Verfahren sowie den Aufbau regionaler Innovationscluster“","Bundesministerium für Wirtschaft und Energie","","https://ted.europa.eu/de/notice/-/detail/606420-2026","75131000; 79411100; 73000000; 75130000","Die industrielle Bioökonomie bietet enormes Potenzial für nachhaltiges Wachstum, indem sie fossile Rohstoffe durch erneuerbare biologische Ressourcen ersetzt, Klimaziele erreicht und die Wettbewerbsfähigkeit stärkt. In der Forschung und Entwicklung bioökonomischer Produkte und Verfahren ist Deutschland gut aufgestellt. Die bisherigen Fördermaßnahmen anderer Ressorts sowie der Bundesländer zeigen, dass bioökonomische Produkte und Verfahren im Labormaßstab umsetzbar sind. Es mangelt jedoch an der breiten Umsetzung bioökonomischer Produkte und Verfahren im industriellen Maßstab. Daher wurde zur Unterstützung der Transformation der Wirtschaft zu einer nachhaltigen, klimaneutralen Wirtschaftsform das Förderprogramm „Industrielle Bioökonomie“ initiiert, das mit Inkrafttreten der „Richtlinie zur Förderung der Nutzung und des Baus von Demonstrationsanlagen für die industrielle Bioökonomie“ vom 16. Dezember 2020 am 29. Dezember 2020 (BAnz AT 28.12.2020 B2) startete. Diese Förderrichtlinie wurde durch die am 27. September 2024 im Bundesgesetzblatt veröffentliche „Förderrichtlinie zur Etablierung einer industriellen Bioökonomie durch die Weiterentwicklung und Skalierung biobasierter Verfahren sowie den Aufbau regionaler Innovationscluster"" (BAnz AT 27.09.2024 B1) abgelöst. Ziel des Programms ist es, das Potenzial neuer biobasierter Verfahren für die Industrie zu erschließen und nachhaltige Produkte in die breite Anwendung zu transferieren. Um die wirtschaftlichen und technischen Risiken der Entwicklung und Markteinführung zu verringern, soll durch die Förderung frühzeitig das Potenzial biobasierter Produkte und Verfahren demonstriert werden. Gefördert werden Projekte, die ein hohes Potenzial für die industrielle Anwendung, die Schaffung neuer Wertschöpfung und von neuen Arbeitsplätzen besitzen, die Marktposition der beteiligten Unternehmen stärken und einen relevanten Beitrag zur Nachhaltigkeit leisten.","2026-09-03","Deutschland","2026-09-27T06:03:43.790Z","ungeprueft","","","","",""
"https://ausschreibungen.usp.gv.at/at.gv.bmdw.eproc-p/public/tender-detail?object=76efecc9-e509-4c6b-849b-f742ed3e258a-14837a6e-794f-454c-a95f-726cf2c49d62","USP Bund","Strategie","Leadagentur im Bereich Strategie, Branding, Kampagnen und Content Erstellung 2026 bis 2030","Burgenland Energie AG","","https://ausschreibungen.usp.gv.at/at.gv.bmdw.eproc-p/public/tender-detail?object=76efecc9-e509-4c6b-849b-f742ed3e258a-14837a6e-794f-454c-a95f-726cf2c49d62","","","2026-09-03","Österreich","2026-09-27T06:04:06.627Z","ungeprueft","","","","",""
"https://ted.europa.eu/de/notice/-/detail/603169-2026","TED","CPV 79419000-4 - Evaluation","Deutschland – Beratung im Bereich Forschung – Erstellung von Forschungsstudien, Evaluationen und wissenschaftlichen Expertisen für die Landeskommission Berlin gegen Gewalt","Senatsverwaltung für Inneres und Sport - ZVSt","","https://ted.europa.eu/de/notice/-/detail/603169-2026","73210000; 71319000; 73000000; 79419000; 85312320","Erstellung von Forschungsstudien, Evaluationen und wissenschaftlichen Expertisen für die Landeskommission Berlin gegen Gewalt","2026-09-02","Deutschland","2026-09-27T06:03:25.603Z","ungeprueft","","","","",""
"https://ted.europa.eu/de/notice/-/detail/603310-2026","TED","CPV 79419000-4 - Evaluation","Italien – IT-Dienste: Beratung, Software-Entwicklung, Internet und Hilfestellung – Avviso sull'esistenza di un Sistema di Qualificazione dei Fornitori di beni, dei Prestatori di servizi ed Esecutori di lavori di Ferservizi S.p.A. (Sottosistemi relativi ai SERVIZI)","Ferservizi S.p.A. Gruppo Ferrovie dello Stato Italiane (Società con socio unico soggetta alla direzione e coordinamento di Ferrovie dello Stato Italiane S.p.A.)","","https://ted.europa.eu/de/notice/-/detail/603310-2026","72000000; 66171000; 73100000; 73200000; 79221000; 79411000; 79412000; 79415200; 79419000; 79413000; 79713000; 79714000; 79711000; 50700000; 79620000; 79632000; 80531200; 80550000; 80580000; 66510000; 66519310; 79952000; 79341400; 79340000; 34110000; 63510000","Avviso sull'esistenza di un Sistema di Qualificazione dei Fornitori di beni, dei Prestatori di servizi ed Esecutori di lavori di Ferservizi S.p.A. (Sottosistemi relativi ai SERVIZI)","2026-09-02","Italien","2026-09-27T06:03:25.603Z","ungeprueft","","","","",""
"https://ted.europa.eu/de/notice/-/detail/603352-2026","TED","CPV 79419000-4 - Evaluation","Deutschland – Forschungs- und Entwicklungsdienste und zugehörige Beratung – Arbeitskräftepotenziale durch Digitalisierung und KI inklusiv nutzen","Bundesministerium für Arbeit und Soziales","","https://ted.europa.eu/de/notice/-/detail/603352-2026","73000000; 73110000; 73210000; 73200000; 79315000; 79310000; 79419000; 79416000; 73300000","Der Erhalt und die zügige Befähigung einer digital kompetenten Arbeitsgesellschaft, die trotz demografischem Wandel und Fachkräftemangel zu einer produktiven und wettbewerbsfähigen Volkswirtschaft beiträgt, liegt im strategischen Interesse des Bundes. Für die Wettbewerbsfähigkeit von Unternehmen ist v.a. die Sicherung der Fachkräftebasis entscheidend. Angesichts einer alternden Gesellschaft besteht dringender Handlungsbedarf, die Beschäftigten möglichst lange unter guten und gesunden Arbeitsbedingungen in den Betrieben zu halten, ungenutzte inländische Potenziale zu erschließen und die Arbeitswelt inklusiver und diverser aufzustellen. Digitale Technologien und v.a. Künstliche Intelligenz (KI) bieten die Möglichkeit, Menschen mit altersbedingten, mit kognitiven oder mit psychischen Beeinträchtigungen länger und gesünder im Arbeitsmarkt zu halten oder zu integrieren und ein alters- und behinderungsgerechtes Arbeitsumfeld zu schaffen. Der zu vergebende Forschungsauftrag (Leistungszeitraum: 2027–2028) zielt auf die Identifikation der Möglichkeiten und Bedarfe von Kleinen und Mittleren Unternehmen (KMU) und Erwerbstätigen mit Beeinträchtigungen für die Nutzung technologischer Unterstützung im Betrieb und damit auf das Heben von Arbeitskräftepotenzialen mithilfe von Digitalisierung und KI. Da hierzu noch keine systematische und umfängliche Darstellung vorliegt, bedarf es der praxisorientierten und -tauglichen wissenschaftlichen Erforschung, wie KMU Beschäftigte mit Beeinträchtigungen durch den Einsatz neuer Technologien (z.B. KI) im Betrieb unterstützen können. Es soll auch ein Beitrag geleistet werden, das Erfahrungswissen der Beschäftigten zu sichern und bestehende (Beratungs-)Strukturen zu stärken, indem übergeordnete Institutionen (z.B. Inklusionsämter, Industrie- und Handelskammern, Wirtschafts-Spitzenverbände) unterstützt werden, KMU bei Fragen der digitalen Transformation zu beraten. Der Forschungsauftrag wird als Wettbewerblicher Dialog mit vorgeschaltetem Teilnahmewettbewerb europaweit ausgeschrieben. Die Leistungen können durch ein Konsortium erbracht werden. Um die gesetzten Ziele zu erreichen, sind durch die Auftragnehmenden, die das Forschungsvorhaben umsetzen, mind. folgende Arbeitspakete zu leisten. Die genaue Ausgestaltung soll durch die Bietenden im Rahmen des Wettbewerblichen Dialogs erläutert werden: 1. Grundlagenforschung und Bedarfsanalyse: o Durchführung einer empirisch-explorativen Studie zur Identifikation und systematischen Darstellung der Bedürfnisse von KMU und deren Beschäftigten mit Beeinträchtigungen. o Erstellung einer Übersicht geeigneter technologischer und KI-basierter Lösungen. o Eignungsprüfung von KI-Technologien für spezifische Arbeitsfelder; bei fehlender Eignung soll der Bedarf an alternativen Lösungen aufgezeigt werden. 2. Umsetzungsstrategien und Implementierung: o Erarbeitung von Umsetzungsvorschlägen und Hilfestellungen für die Implementierung und langfristige Nutzung der identifizierten Technologien. o Identifikation und Erstellung adressatengerechter Informationsmittel und -wege. o Einbindung von Feedback und Evaluation durch ko-kreativen Ansatz. 3. Überprüfung und Anpassung: o Überprüfung und Testung der entwickelten Informationsmittel und -wege sowie deren Präzisierung und Anpassung. o Prüfung der Wirksamkeit der (KI-)Unterstützungsinstrumente. 4. Dissemination inkl. eines breitenwirksamen Unterstützungsangebots in der Fläche: o Durchgängige Dissemination zur Verstärkung der Außenwirkung der Projektziele und -ergebnisse. Adressat*innen des Forschungsauftrags: Wissenschaftseinrichtungen, Hochschulen und Forschungsinstitutionen. Gegenstand und Adressat*innen der Forschungsmaßnahme: KMU und übergeordnete Institutionen, die entsprechend bei der Projektumsetzung einzubeziehen sind. Auch sind Perspektiven betroffener Erwerbstätiger, von Organisationen und Verbänden der Selbstvertretung, Beratung und Selbsthilfe von und für Menschen mit Behinderungen zu berücksichtigen.","2026-09-02","Deutschland","2026-09-27T06:03:25.603Z","ungeprueft","","","","",""
"https://ted.europa.eu/de/notice/-/detail/604393-2026","TED","CPV 71420000-8 - Landschaftsplanung","Deutschland – Landschaftsgestaltung – Durchführung Regionalmanagement ""Sonniges Weinland Kaiserstuhl"" für die Stadt Vogtsburg i. K., 79235 Vogtsburg i. K.","Landkreis Breisgau-Hochschwarzwald","","https://ted.europa.eu/de/notice/-/detail/604393-2026","71420000; 71241000","Für die Projektgemeinden soll ein Planungsbüro ein Fachkonzept Weinbau und ein Entwicklungskonzept erarbeiten. Insbesondere folgende Leistung sollen erbracht werden: Vernetzung und Abfrage des aktuellen Stands der Entwicklungen, digitale Weinbau-Clusterbewertung, Flächenbörse Weinbau, Beratungsplattform Nachnutzung, Umsetzung von Maßnahmen zur Folgenutzung und Flächenpflege, Organisation eines Lenkungskreises, Öffentlichkeitsarbeit, regelmäßige Berichte über die Tätigkeit des Regionalmanagers.","2026-09-02","Deutschland","2026-09-27T06:03:27.504Z","ungeprueft","","","","",""
"https://ted.europa.eu/de/notice/-/detail/603333-2026","TED","CPV 90713000-8 - Umweltberatung","Deutschland – Dienstleistungen im Umweltschutz – Spezifische Maßnahmen für die Angelfischerei UNSEA AP 10","Fraunhofer UMSICHT","","https://ted.europa.eu/de/notice/-/detail/603333-2026","90700000; 90713000","Gegenstand der vorliegenden Ausschreibung sind Leistungen zur fachlichen und operativen Unterstützung von Fraunhofer UMSICHT im Bereich „spezifischer Maßnahmen für die Angelfischerei“. Die Leistung umfasst ferner Zuarbeiten zu den Querschnittsaufgaben Projektsteuerung und Öffentlichkeitsarbeit sowie weitere Leistungen aus der Ausschreibung des Umweltbundesamtes. Die Leistung ist als Unterstützungs-, Mitwirkungs- und Zuarbeitsleistung für den Auftraggeber zu erbringen.","2026-09-02","Deutschland","2026-09-27T06:03:33.803Z","ungeprueft","","","","",""
"https://ted.europa.eu/de/notice/-/detail/603008-2026","TED","CPV 79411000-8 - Managementberatung","Deutschland – Dienstleistungen der allgemeinen öffentlichen Verwaltung – Management-, Beratungs- und Veranstaltungsleistungen im Cluster Forst & Holz Baden-Württemberg","Ministerium für Ländlichen Raum, Landwirtschaft und Heimat Baden-Württemberg","","https://ted.europa.eu/de/notice/-/detail/603008-2026","75110000; 79000000; 79410000; 79411000; 79900000; 79950000","Rahmenvereinbarung über Management-, Beratungs- und Veranstaltungsleistungen für das Cluster Forst und Holz in Baden-Württemberg","2026-09-02","Deutschland","2026-09-27T06:03:43.789Z","ungeprueft","","","","",""
"https://ted.europa.eu/de/notice/-/detail/603849-2026","TED","CPV 79411000-8 - Managementberatung","Deutschland – Beratungsdienste im Bereich Wirtschaftsförderung – Geschäftsstelle der BMWE-Initiative „FRAUEN unternehmen“","Bundesministerium für Wirtschaft und Energie","","https://ted.europa.eu/de/notice/-/detail/603849-2026","79411100; 75131000; 79416000; 79950000; 79634000","Das BMWE beabsichtigt, einen Vertrag über die Geschäftsstelle (GS) „FRAUEN unternehmen“ auszuschreiben. Die Geschäftsstelle soll die vom BMWE vorgegebenen neuen Schwerpunkte inhaltlich ausgestalten und neue Maßnahmen entwickeln, um gemeinsam mit den ""Vorbild-Unternehmerinnen“ (VUs) Mädchen und Frauen für die berufliche Selbstständigkeit zu sensibilisieren. Um gesellschaftlichen Prägungen vorzubeugen bzw. diesen entgegenzuwirken und eine klischeefreie Berufswahl zu fördern, sollen dabei – neben Berufs- und Hochschulen – verstärkt auch allgemeinbildende Schulen angesprochen werden. Dabei liegt es im Interesse des Auftraggebers (AG), mit weiteren vom BMWE geförderten Programmen/Projekten wie z. B. SCHULEWIRTSCHAFT-PREIS oder dem BMWE-Initiativkreis „Gründung in school“ zu kooperieren und, wo sinnvoll und möglich, Vorschläge für eine Zusammenarbeit zu entwickeln, um mögliche Synergien zu erschließen. Des Weiteren ist die Initiative „FRAUEN unternehmen“ auch eine Maßnahme aus dem gemeinsamen Aktionsplan „Mehr Unternehmerinnen für den Mittelstand“. Im Rahmen des Aktionsplans beteiligt sich die GS auch aktiv als Mitglied des Netzwerks. Durch geeignete Maßnahmen soll das Thema „weibliches Unternehmertum“ stärker in der Öffentlichkeit platziert werden. Dazu soll auch eine höhere Reichweite in den Sozialen Medien erreicht werden. Erwartet wird darüber hinaus eine gezielte Erweiterung des Kreises der aktiven VU, insbesondere um Unternehmerinnen aus den Bereichen Handwerk, MINT, KI und Digitalisierung, aus den ostdeutschen Bundesländern und dem ländlichen Raum sowie um solche Unternehmerinnen, die selbst eine Unternehmensnachfolge angetreten haben. Zu den Kernaufgaben des Auftrags gehören insbesondere die Bereitstellung von Personal, eine Basisausstattung zur Wahrnehmung der Netzwerkkoordinierung und des Projektmanagements, Reisetätigkeiten sowie die interne und externe Kommunikation einschließlich der jährlichen Erstellung eines Medienkonzepts (Details im jeweiligen Arbeitspaket). Dabei sind folgende Leistungen zur berücksichtigen: - AP 1: Zentrale Kontaktstelle für VU und alle an der Initiative Interessierten - AP 2: Matching der VU mit der Zielgruppe - AP 3: Aufbau und Erweiterung des externen Netzwerkes/ Ansprache von Multiplikatoren und Netzwerkpartnern - AP 4: Externe Kommunikation – Stärkung der allgemeinen Sichtbarkeit der Initiative „FRAUEN unternehmen“ sowie des Engagements der VU im Rahmen der Initiative - AP 5: Interne Kommunikation – Stärkung des internen Netzwerkes der VU und Unterstützung des Erfahrungsaustausches unter den VU - AP 6: Monitoring, Auswertung der Initiative und Aufbereitung von Ergebnissen - AP 7: Gezielte Erweiterung des Kreises der VU","2026-09-02","Deutschland","2026-09-27T06:03:43.790Z","ungeprueft","","","","",""
"https://ausschreibungen.usp.gv.at/at.gv.bmdw.eproc-p/public/tender-detail?object=a2c49245-23b2-46e1-acc7-c5a78913a090-4b0a4654-7355-4000-96e1-6e32ea22596e","USP Bund","Projektmanagement","1220 Wien, Spargelfeldstraße 191, AGES, Generalsanierung und Neubau - Baumanagement","ARE Austrian Real Estate GmbH. vertreten durch die Bundesimmobiliengesellschaft m.b.H.","","https://ausschreibungen.usp.gv.at/at.gv.bmdw.eproc-p/public/tender-detail?object=a2c49245-23b2-46e1-acc7-c5a78913a090-4b0a4654-7355-4000-96e1-6e32ea22596e","71541000","","2026-09-02","Österreich","2026-09-27T06:04:01.208Z","ungeprueft","","","","",""
"https://ausschreibungen.usp.gv.at/at.gv.bmdw.eproc-p/public/tender-detail?object=fde58043-87ff-44b0-b6b0-3d089adfba4c-9110002556748_BVergG-VIII-1-Z2_715287","USP Bund","Strategie","Waidhofen an der Ybbs, Pflege- und Betreuungszentrum, Neubau - 110.001 Abbrucharbeiten","Land Niederösterreich, p.A. Amt der NÖ-Landesregierung, Abteilung Gesundheitsstrategie","2026-10-02","https://ausschreibungen.usp.gv.at/at.gv.bmdw.eproc-p/public/tender-detail?object=fde58043-87ff-44b0-b6b0-3d089adfba4c-9110002556748_BVergG-VIII-1-Z2_715287","","","2026-09-02","Österreich","2026-09-27T06:04:06.627Z","ungeprueft","","","","",""
"https://ausschreibungen.usp.gv.at/at.gv.bmdw.eproc-p/public/tender-detail?object=505019f6-4c66-4ce4-9700-a5ed3cf664c3-0a6a7343-9c4e-452d-a132-87c4543f9630","USP Bund","Strategie","Zustandsüberwachung von Eisenbahnstahlbrücken mittels Acoustic Emission Monitoring","ÖBB-Infrastruktur AG","2100-01-01","https://ausschreibungen.usp.gv.at/at.gv.bmdw.eproc-p/public/tender-detail?object=505019f6-4c66-4ce4-9700-a5ed3cf664c3-0a6a7343-9c4e-452d-a132-87c4543f9630","","","2026-09-02","Österreich","2026-09-27T06:04:06.627Z","ungeprueft","","","","",""
"https://ted.europa.eu/de/notice/-/detail/602164-2026","TED","CPV 79421000-1 - Projektmanagement","Deutschland – Dienstleistungen von Bibliotheken, Archiven, Museen und anderen kulturellen Einrichtungen – Los 1: Supervisor","Kulturstiftung Sachsen-Anhalt","","https://ted.europa.eu/de/notice/-/detail/602164-2026","92500000; 79421100","Teilumzug Schloss Wernigerode - Los 1: Supervisor","2026-09-01","Deutschland","2026-09-27T06:03:20.249Z","ungeprueft","","","","",""
"https://ted.europa.eu/de/notice/-/detail/601385-2026","TED","CPV 72224000-1 - IT-Projektmanagement","Deutschland – IT-Dienste: Beratung, Software-Entwicklung, Internet und Hilfestellung – DBS BIT14-0230-517 Mini 13 - IT-Projektmanagement für Infrastrukturbetrieb","Land Baden-Württemberg vertreten durch die IT-Baden-Württemberg (BITBW)","","https://ted.europa.eu/de/notice/-/detail/601385-2026","72000000; 72224000; 75131000","Gegenstand des Vertrages waren Projektmanagement-Dienstleistungen des Auftragnehmers für den Infrastrukturbetrieb / RZ-DLs eines BSI-zertifizierten RZs (KRITIS-Behörde) bei Kundenprojekten der Auftraggeberin im Bereich Polizei und Justiz.","2026-09-01","Deutschland","2026-09-27T06:03:35.916Z","ungeprueft","","","","",""
"https://ted.europa.eu/de/notice/-/detail/599862-2026","TED","CPV 79411000-8 - Managementberatung","Deutschland – Allgemeine Managementberatung – Direktvergabe von Beratungsleistungen","Stadtwerke Gaggenau","","https://ted.europa.eu/de/notice/-/detail/599862-2026","79411000; 79410000","Fortführung der Beratungsleistungen von Rödl & Partner (Projektphase 2) zur rechtlichen, steuerlichen und organisatorischen Umsetzung der Gründung einer gemeinsamen Servicegesellschaft der Stadtwerke Gaggenau und der Stadtwerke Baden-Baden, aufbauend auf den Arbeitsergebnissen der Projektphase 1.","2026-09-01","Deutschland","2026-09-27T06:03:43.789Z","ungeprueft","","","","",""
"https://ted.europa.eu/de/notice/-/detail/600659-2026","TED","CPV 79411000-8 - Managementberatung","Italien – Allgemeine Managementberatung – Procedura aperta in modalità telematica, da espletarsi tramite piattaforma aziendale (e-procurement), a lotto unico, ai sensi degli art. 70 e 71 del d.lgs. 36/2023, da aggiudicarsi con il criterio dell'offerta economicamente più vantaggiosa sulla base del miglior rapporto qualità prezzo, ai sensi dell'art. 108, commi 1, 2 e 8 stesso decreto, per l'affidamento, per anni 5 (cinque), dei seguenti ser","Azienda Sanitaria Provinciale di Messina - Ufficio Provveditorato","","https://ted.europa.eu/de/notice/-/detail/600659-2026","79411000; 75251110","Procedura aperta in modalità telematica, da espletarsi tramite piattaforma aziendale (e-procurement), a lotto unico, ai sensi degli art. 70 e 71 del d.lgs. 36/2023, da aggiudicarsi con il criterio dell'offerta economicamente più vantaggiosa sulla base del miglior rapporto qualità prezzo, ai sensi dell'art. 108, commi 1, 2 e 8 stesso decreto, per l'affidamento, per anni 5 (cinque), dei seguenti servizi: - gestione aeronautica, manutenzione e assistenza tecnica per le elisuperfici ubicate presso i PP.OO. Giuseppe Fogliani di Milazzo, Barone Romeo di Patti; - gestione aeronautica, manutenzione e assistenza tecnica e antincendio per l'elisuperficie ubicata presso il P.O. San Salvatore di Mistretta","2026-09-01","Italien","2026-09-27T06:03:43.789Z","ungeprueft","","","","",""
"https://ted.europa.eu/de/notice/-/detail/600917-2026","TED","INTERREG","Slowakei – Informations- und Werbeerzeugnisse – Nákup reklamných predmetov s potlačou","Ministerstvo investícií, regionálneho rozvoja a informatizácie Slovenskej republiky","","https://ted.europa.eu/de/notice/-/detail/600917-2026","39294100; 22462000; 30192121; 30192122; 30192130; 37822100; 30192127; 22815000; 22816000; 22816100; 22817000; 30190000; 30192000; 22852000; 32342100; 32581100; 39295200; 39221100; 22114000; 44511320; 39811100; 39221121; 39221120; 39225710; 18931100; 30237270; 18930000; 31681500; 18235300; 18330000; 18331000; 18333000; 18300000; 39511100; 18937000; 35113400; 37461000; 44424300; 18420000; 18440000; 33711620; 33141623; 15842000; 30237132; 33741300; 30199792; 30199791; 60000000","Predmetom čiastkových zákaziek zadávaných v zriadenom dynamickom nákupnom systéme bude obstarávanie reklamných predmetov a propagačných materiálov ako napríklad: perá, ceruzky, bloky, diáre, kľúčenky atď. Cieľom zriadenia DNS a zadávania čiastkových zákaziek v DNS je umožniť verejnému obstarávateľovi flexibilné zadávanie zákaziek v súlade so zákonom o verejnom obstarávaní podľa svojich reálnych potrieb, t. j. v čase a rozsahu, ktorý mu je známy.","2026-09-01","Slowakei","2026-09-27T06:03:49.204Z","ungeprueft","","","","",""
"https://ausschreibungen.usp.gv.at/at.gv.bmdw.eproc-p/public/tender-detail?object=a2c49245-23b2-46e1-acc7-c5a78913a090-6446f14f-c90a-488c-b5da-cdd109327390","USP Bund","Projektmanagement","Abruf aus Rahmenvereinbarung SAPDL2022, TL1, 4234369","Bundesrechenzentrum GmbH","","https://ausschreibungen.usp.gv.at/at.gv.bmdw.eproc-p/public/tender-detail?object=a2c49245-23b2-46e1-acc7-c5a78913a090-6446f14f-c90a-488c-b5da-cdd109327390","72200000; 79421000; 72220000; 72261000; 72262000; 72263000; 72266000; 72254000; 72316000","","2026-09-01","Österreich","2026-09-27T06:04:01.332Z","ungeprueft","","","","",""
"https://ausschreibungen.usp.gv.at/at.gv.bmdw.eproc-p/public/tender-detail?object=a2c49245-23b2-46e1-acc7-c5a78913a090-2594d6bd-0823-42e2-87f2-28dc1e3777f1","USP Bund","Projektmanagement","Abruf aus Rahmenvereinbarung SAPDL2022, TL3, 4234377","Bundesrechenzentrum GmbH","","https://ausschreibungen.usp.gv.at/at.gv.bmdw.eproc-p/public/tender-detail?object=a2c49245-23b2-46e1-acc7-c5a78913a090-2594d6bd-0823-42e2-87f2-28dc1e3777f1","72200000; 79421000; 72220000; 72261000; 72262000; 72263000; 72266000; 72254000; 72316000","","2026-09-01","Österreich","2026-09-27T06:04:01.459Z","ungeprueft","","","","",""
"https://ausschreibungen.usp.gv.at/at.gv.bmdw.eproc-p/public/tender-detail?object=009b7802-0b04-4fee-8dac-3922bd5098ae-KD_2365220","USP Bund","Strategie","MS Az Consumption Commit Amt in Pool Rahmenangebot für Azure Pay as you Go","Bundeskanzleramt - Sektion VII/Gruppe A/Abteilung 1 (Digitale Strategien und Innovation)","","https://ausschreibungen.usp.gv.at/at.gv.bmdw.eproc-p/public/tender-detail?object=009b7802-0b04-4fee-8dac-3922bd5098ae-KD_2365220","","","2026-09-01","Österreich","2026-09-27T06:04:06.627Z","ungeprueft","","","","",""
"https://ted.europa.eu/de/notice/-/detail/598476-2026","TED","CPV 73220000-0 - Entwicklungsberatung","Deutschland – Dienstleistungen der allgemeinen öffentlichen Verwaltung – Dienstleister für Workshopformate im Kontext Verwaltungsdigitalisierung","Der Regierende Bürgermeister von Berlin - Senatskanzlei","","https://ted.europa.eu/de/notice/-/detail/598476-2026","75110000; 79000000; 73220000; 79951000; 72224000","Gegenstand dieser Ausschreibung ist die Vergabe von Dienstleistungen an einen Auftragnehmer, der für die Senatskanzlei Berlin die Organisation, Durchführung und Nachbereitung von Workshopformaten im Kontext Verwaltungsdigitalisierung übernimmt und dabei inhaltlich und konzeptionell unterstützt.","2026-08-31","Deutschland","2026-09-27T06:03:21.145Z","ungeprueft","","","","",""
"https://ted.europa.eu/de/notice/-/detail/596776-2026","TED","CPV 71410000-5 - Raumplanung","Deutschland – Stadtplanung – Strategisches Regionalentwicklungskonzept - Vitale Ortskerne und neue Infrastrukturangebote im Hunsrück-Nahe-Raum schaffen","Planungsgemeinschaft Rheinhessen-Nahe","","https://ted.europa.eu/de/notice/-/detail/596776-2026","71410000","Das Projekt „Vitale Ortskerne und neue Infrastrukturangebote im Hunsrück-NaheRaum schaffen!“ wurde im Rahmen des vom BMWSB ausgeschriebenen Förderprogramms Regionalentwicklung (RegioStrat) als eines von zwölf Vorhaben ausgewählt. Diese Förderung hat zum Ziel, dass funktionale Teilräume strategische Regionalentwicklungskonzepte (SREK) erarbeiten und daraus abgeleitet prioritäre Entwicklungsmaßnahmen umsetzen. Eine zeitgemäße Anpassung an die Anforderungen des Klimawandels und die Schaffung von mehr Aufenthaltsqualität erscheinen vielerorts dringend geboten. Lücken im Infrastrukturangebot und ein unzureichend ausgebauter öffentlicher Nahverkehr schmälern die Attraktivität als Wohnort und stellen insbesondere die ältere Bewohnerschaft, aber auch junge Menschen ohne eigenes Auto vor große Herausforderungen. Eine vorgeschaltete Regionalanalyse (Leistungsphase 1) soll den „Ist-Zustand“ der Gemeinden erfassen und zu folgenden Erkenntnissen führen: Was bietet der Orts-, bzw. Stadtkern heute schon? Wo ist der Leerstand prägnant? Welche Angebotsdefizite bestehen? Welche Gemeinden bieten sich als Modellgemeinden an?","2026-08-31","Deutschland","2026-09-27T06:03:22.359Z","ungeprueft","","","","",""
"https://ted.europa.eu/de/notice/-/detail/597040-2026","TED","CPV 79314000-8 - Machbarkeit","Ungarn – Planungsleistungen im Bauwesen – Egri elkerülő út eng. és kiviteli tervek készítése","Építési és Közlekedési Minisztérium","","https://ted.europa.eu/de/notice/-/detail/597040-2026","71320000; 71242000; 71245000; 71322300; 71322500; 71356400; 79314000","Az Egri elkerülő út Engedélyezési és Kiviteli terveinek elkészítése a feladat az AD részeként kiadásra kerülő tervezési feladatleírásban meghatározott műszaki tartalom szerint.","2026-08-31","Ungarn","2026-09-27T06:03:23.448Z","ungeprueft","","","","",""
"https://ted.europa.eu/de/notice/-/detail/599030-2026","TED","CPV 79419000-4 - Evaluation","Tschechien – Beratung in Sachen Evaluierung – Výzva č. 10 v DNS: Evaluace projektu „Vzdělávání zdravotnických pracovníků a vytvoření praktického implementačního a provozního manuálu k Metodickému doporučení pro zajištění stravy a nutriční péče v nemocnicích“","Ministerstvo zdravotnictví","","https://ted.europa.eu/de/notice/-/detail/599030-2026","79419000","Předmětem plnění této veřejné zakázky je evaluace projektu realizovaného Ministerstvem zdravotnictví ČR s názvem „Vzdělávání zdravotnických pracovníků a vytvoření praktického implementačního a provozního manuálu k Metodickému doporučení pro zajištění stravy a nutriční péče v nemocnicích“, reg. č. CZ.03.02.02/00/25_102/0005408.","2026-08-31","Tschechien","2026-09-27T06:03:25.603Z","ungeprueft","","","","",""
"https://ted.europa.eu/de/notice/-/detail/599290-2026","TED","CPV 71420000-8 - Landschaftsplanung","Deutschland – Stadtplanung und Landschaftsgestaltung – Gemeindezentrum Nordenstadt Neubau einer Multifunktionshalle, der Ortsverwaltung mit Bürgersaal sowie des Standortes freiwillige Feuerwehr mit Parkdeck; Objektplanung Freianlagen, LPH 1-9","SEG Stadtentwicklungsgesellschaft Wiesbaden mbH","","https://ted.europa.eu/de/notice/-/detail/599290-2026","71400000; 71420000","Gemeindezentrum Nordenstadt Neubau einer Multifunktionshalle, der Ortsverwaltung mit Bürgersaal sowie des Standortes freiwillige Feuerwehr mit Parkdeck; Objektplanung Freianlagen, LPH 1-9","2026-08-31","Deutschland","2026-09-27T06:03:27.503Z","ungeprueft","","","","",""
"https://ted.europa.eu/de/notice/-/detail/599372-2026","TED","CPV 71420000-8 - Landschaftsplanung","Deutschland – Dienstleistungen von Architekturbüros bei Freianlagen – Vergabe der Objektplanung Freianlagen gemäß §§ 38 ff. HOAI, LPH 1-9 und der Objektplanung Verkehrsanlagen gemäß §§ 45 ff. HOAI, LPH 1-9 für die Neugestaltung des Bibliotheksumfelds in Schorndorf","Stadtverwaltung Schorndorf - Fachbereich Stadtentwicklung und Baurecht","","https://ted.europa.eu/de/notice/-/detail/599372-2026","71222000; 71322500; 71400000; 71421000","Gegenstand des Auftrags sind die erforderlichen Leistungen der Objektplanung Freianlagen gemäß §§ 38 ff. HOAI, Leistungsphasen 1-9 sowie die erforderlichen Leistungen der Objektplanung Verkehrsanlagen gemäß §§ 45 ff. HOAI, Leistungsphasen 1-9 für die Neugestaltung des Bibliotheksumfelds in der Altstadt von Schorndorf gemäß Abgrenzungsplan in Ziff. 1.4 der Vergabeunterlagen Nr. 1 und Aufgabenstellung aus dem vorangegangenen nicht offenen Realisierungswettbewerb. Die Beauftragung erfolgt stufenweise. Dies für den Fall, dass das Bauvorhaben nicht ohne grundlegende Veränderungen und im Rahmen der kalkulierten Kosten weiter durchgeführt werden kann und somit die Wirtschaftlichkeit, Finanzierung und ggf. Förderung nicht gegeben sind. Die Beauftragung steht unter dem Vorbehalt der Zustimmung des Gemeinderats. Die Beauftragung soll in zwei Bauabschnitten entsprechend der zwei Nutzungsphasen und stufenweise erfolgen, und zwar in folgenden Stufen: - Stufe 1 = Leistungsphasen 1-3 - Stufe 2 = Leistungsphasen 4-5 - Stufe 3 = Leistungsphasen 6-9","2026-08-31","Deutschland","2026-09-27T06:03:27.503Z","ungeprueft","","","","",""
"https://ted.europa.eu/de/notice/-/detail/598861-2026","TED","CPV 71241000-9 - Machbarkeit","Deutschland – Durchführbarkeitsstudie, Beratung, Analyse – Planung eines Bedienstandortes (BSO) Typ 2.0 mit 28 Bedienplätzen am Standort Kassel","DB InfraGO AG – Geschäftsbereich Fahrweg (Bukr 16)","","https://ted.europa.eu/de/notice/-/detail/598861-2026","71241000; 71242000","Planung eines Bedienstandortes (BSO) Typ 2.0 mit 28 Bedienplätzen am Standort Kassel","2026-08-31","Deutschland","2026-09-27T06:03:29.536Z","ungeprueft","","","","",""
"https://ted.europa.eu/de/notice/-/detail/599285-2026","TED","CPV 71241000-9 - Machbarkeit","Tschechien – Dienstleistungen im juristischen Bereich – Poskytování služeb právního, finančního a technického poradenství pro veřejné investice","Státní fond podpory investic","","https://ted.europa.eu/de/notice/-/detail/599285-2026","79100000; 79412000; 79140000; 66171000; 79111000; 79400000; 71000000; 71311300; 71241000; 71356300; 71356100","Toto zadávací řízení je rozděleno na tři části, zatímco v každé části bude uzavřena rámcová dohoda, v rámci které budou zadávány dílčí veřejné zakázky. Předmětem dílčích zakázek je poskytování služeb dodavateli pro Cílové subjekty v rozsahu specifikovaném v závazných vzorech rámcových dohod pro jednotlivé části veřejné zakázky, které jsou přílohami č. 3a, 3b a 3c zadávací dokumentace.","2026-08-31","Tschechien","2026-09-27T06:03:29.536Z","ungeprueft","","","","",""
"https://ted.europa.eu/de/notice/-/detail/597111-2026","TED","CPV 72224000-1 - IT-Projektmanagement","Tschechien – Systemberatung und technische Beratung – Rámcová dohoda o poskytování konzultačních a poradenských služeb – příprava PPP projektu","Statutární město Plzeň","","https://ted.europa.eu/de/notice/-/detail/597111-2026","72220000; 72224000; 72225000","Účelem zadávacího řízení je uzavření rámcové dohody podle § 131 zákona s jedním dodavatelem. Předmětem plnění veřejných zakázek zadávaných na základě rámcové dohody bude poskytování konzultačních a poradenských služeb pro potřeby zadavatele. Předmět plnění veřejných zakázek zadávaných na základě rámcové dohody je rámcově specifikován v návrhu rámcové dohody (příloha zadávací dokumentace). Předmětem plnění veřejných zakázek zadávaných na základě rámcové dohody je poskytování kvalifikovaných služeb při přípravě PPP projektu Rekonstrukce, modernizace a provozování veřejného osvětlení v Plzni. Jedná se o poskytování konzultačních a poradenských služeb v oblasti řízení projektů, poskytování konzultací z oblasti řízení kvality, ekonomického poradenství a dalších poradenských služeb. Poskytované služby budou zahrnovat zejména dostupnost personálních kapacit v oblasti přípravy PPP projektů, které budou zadavateli k dispozici, zejména pak spočívajících v(ve): a) přípravě podkladů pro realizaci PPP projektu vč. návrhů, úprav a/nebo oponentur PPP projektu; b) řízení projektů a programů a poskytování organizačních, řídících a administrativních služeb s tímto souvisejících, a to včetně podpory při koordinaci dodavatelů; c) řízení kvality, rizik a poskytování nezávislého dohledu a auditu nad projekty zadavatele a poskytování podpory projektového řízení a řízení služeb; d) poskytování služeb souvisejících s řízením PPP projektů a kontrola kvality služeb z oblasti PPP; e) poskytování konzultací, analýz, přípravy podkladů a dokumentů v oblasti certifikace a řízení kvality; f) poskytování ostatních odborných a konzultačních služeb z oblasti PPP. Poskytování Služeb bude realizováno na základě primární objednávky vystavené bez zbytečného odkladu po nabytí účinnosti rámcové dohody. Zvlášť důležité činnosti pak bude možné objednat separátními objednávkami na základě konkrétních požadavků zadavatele s konkrétní specifikací termínů plnění, a to prostřednictvím dílčích smluv uzavíraných na základě písemných výzev zadavatele. Podrobně je způsob zadávání veřejných zakázek zadávaných na základě rámcové dohody popsán v rámcové dohodě.","2026-08-31","Tschechien","2026-09-27T06:03:35.915Z","ungeprueft","","","","",""
"https://ted.europa.eu/de/notice/-/detail/597173-2026","TED","CPV 72224000-1 - IT-Projektmanagement","Deutschland – IT-Dienste: Beratung, Software-Entwicklung, Internet und Hilfestellung – Projektdienstleistungen IT-Bezug","Land Baden-Württemberg vertreten durch die IT Baden-Württemberg","","https://ted.europa.eu/de/notice/-/detail/597173-2026","72000000; 72224000; 75131000","Gegenstand der Ausschreibung war die Beschaffung von verschiedenen Projektdienstleistungen mit IT-Bezug. Die Leistungen sind nach fachlichen Anforderungen in sieben Lose unterteilt. Je Los wird eine Rahmenvereinbarung geschlossen, die die Grundlage für die jeweiligen Einzelaufträge (Abrufe) ist.","2026-08-31","Deutschland","2026-09-27T06:03:35.915Z","ungeprueft","","","","",""
"https://ted.europa.eu/de/notice/-/detail/597459-2026","TED","Raumplanung","Deutschland – Planungsleistungen im Bauwesen – Erarbeitung eines Integrierten Stadtentwicklungskonzeptes (ISEK) - ""Lebendige Zentren-Aktive Stadt""","Stadt Weißenthurm","","https://ted.europa.eu/de/notice/-/detail/597459-2026","71320000","Mit Schreiben vom 14.03.2026 wurde der Stadt Weißenthurm vom Ministerium des Inneren und für Sport mitgeteilt, dass sie mit dem Bereich Stadtkern II ab dem Programmjahr 2026 in das Städtebauförderungsprogramm ""Lebendige Zentren-Aktive Stadt"" aufgenommen wurde. Als Grundlage für ein 10 -jähriges Handlungsprogramm des Förderprogramms ist ein Integriertes Städtebauliches Entwicklungsprogramm (ISEK) zu erarbeiten. Dabei sollen die Weichen für die weitere Entwicklung des Projektgebietes gestellt und konkrete Maßnahmen beschrieben werden.","2026-08-31","Deutschland","2026-09-27T06:03:44.800Z","ungeprueft","","","","",""
"https://ausschreibungen.usp.gv.at/at.gv.bmdw.eproc-p/public/tender-detail?object=505019f6-4c66-4ce4-9700-a5ed3cf664c3-2504ff8a-5dc5-4d82-abdf-f17a8e97c67f","USP Bund","Projektmanagement","Abruf aus Rahmenvereinbarung Projektmanagement Dienstleistungen","ÖBB Business Competence Center GmbH","","https://ausschreibungen.usp.gv.at/at.gv.bmdw.eproc-p/public/tender-detail?object=505019f6-4c66-4ce4-9700-a5ed3cf664c3-2504ff8a-5dc5-4d82-abdf-f17a8e97c67f","72000000","","2026-08-31","Österreich","2026-09-27T06:04:01.583Z","ungeprueft","","","","",""
"https://ausschreibungen.usp.gv.at/at.gv.bmdw.eproc-p/public/tender-detail?object=a2c49245-23b2-46e1-acc7-c5a78913a090-28b64059-028f-48d8-8d99-efc4e1c7aa83","USP Bund","Projektmanagement","Ionentherapiezentrum MedAustron - Projektmanagement-Software","EBG MedAustron GmbH","2026-10-05","https://ausschreibungen.usp.gv.at/at.gv.bmdw.eproc-p/public/tender-detail?object=a2c49245-23b2-46e1-acc7-c5a78913a090-28b64059-028f-48d8-8d99-efc4e1c7aa83","48331000","","2026-08-30","Österreich","2026-09-27T06:04:01.707Z","ungeprueft","","","","",""
"https://ausschreibungen.usp.gv.at/at.gv.bmdw.eproc-p/public/tender-detail?object=a2c49245-23b2-46e1-acc7-c5a78913a090-c6726381-bb85-47c9-9fac-23cd37d292c3","USP Bund","Projektmanagement","Vergabeverfahren „Sanierung der Mittelschule in Schwertberg und Erweiterung des Horts als Totalübernehmer“","Marktgemeinde Schwertberg","2026-10-01","https://ausschreibungen.usp.gv.at/at.gv.bmdw.eproc-p/public/tender-detail?object=a2c49245-23b2-46e1-acc7-c5a78913a090-c6726381-bb85-47c9-9fac-23cd37d292c3","45214200; 71541000","","2026-08-30","Österreich","2026-09-27T06:04:01.832Z","ungeprueft","","","","",""
"https://ted.europa.eu/de/notice/-/detail/593673-2026","TED","CPV 79419000-4 - Evaluation","Slowenien – Immobiliendienste – Izbor izvajalca za pregled poročil o oceni vrednosti nepremičnine","Slovenski državni holding, d.d.","","https://ted.europa.eu/de/notice/-/detail/593673-2026","70000000; 79419000","Predmet javnega naročila je pregled celotnih poročil o oceni vrednosti nepremičnin, v okviru katerih gre praviloma za pregled poročil, ki jih je pripravil pooblaščeni ocenjevalec vrednosti nepremičnin. Ocena vrednosti mora biti skladna z Mednarodnimi standardi ocenjevanja vrednosti (v nadaljevanju: MSOV). Pregledovalcu praviloma v sklopu pregleda ne bo potrebno pripraviti lastne ocene vrednosti, pri čemer se pri posameznem naročilu po izrecnem naročilu s strani naročnika lahko izvede tudi pregled poročila o oceni vrednosti nepremičnine, z izdelavo lastne ocene vrednosti.","2026-08-28","Slowenien","2026-09-27T06:03:25.603Z","ungeprueft","","","","",""
"https://ted.europa.eu/de/notice/-/detail/595980-2026","TED","CPV 71420000-8 - Landschaftsplanung","Deutschland – Landschaftsgestaltung – Grundschule Rußhütte Saarbrücken - Erweiterungsneubau - Objektleistung Freianlagenplanung","Gebäudemanagementbetrieb der Landeshauptstadt Saarbrücken - GMS","","https://ted.europa.eu/de/notice/-/detail/595980-2026","71420000","Objektplanungsleistungen gemäß § 39 HOAI Freianlagen","2026-08-28","Deutschland","2026-09-27T06:03:27.503Z","ungeprueft","","","","",""
"https://ted.europa.eu/de/notice/-/detail/593406-2026","TED","CPV 71241000-9 - Machbarkeit","Tschechien – Dienstleistungen im juristischen Bereich – Poskytování služeb právního, finančního a technického poradenství pro veřejné investice","Státní fond podpory investic","","https://ted.europa.eu/de/notice/-/detail/593406-2026","79100000; 79412000; 79140000; 66171000; 79111000; 79400000; 71000000; 71311300; 71241000; 71356300; 71356100","Toto zadávací řízení je rozděleno na tři části, zatímco v každé části bude uzavřena rámcová dohoda, v rámci které budou zadávány dílčí veřejné zakázky. Předmětem dílčích zakázek je poskytování služeb dodavateli pro Cílové subjekty v rozsahu specifikovaném v závazných vzorech rámcových dohod pro jednotlivé části veřejné zakázky, které jsou přílohami č. 3a, 3b a 3c zadávací dokumentace.","2026-08-28","Tschechien","2026-09-27T06:03:29.535Z","ungeprueft","","","","",""
"https://ted.europa.eu/de/notice/-/detail/595275-2026","TED","CPV 79400000-8 - Managementberatung","Österreich – Öffentlichkeitsarbeit – Lead-Agentur Kommunikation TIWAG-Gruppe","TIWAG-Tiroler Wasserkraft AG","","https://ted.europa.eu/de/notice/-/detail/595275-2026","79416000; 79341000","Die TIWAG-Gruppe sucht eine visionäre Lead-Agentur, welche die gesamte Kommunikation strategisch bündelt, kreativ neu ausrichtet und operativ steuert. Unser Ziel ist der Wandel vom klassischen Versorger hin zur modernen, technologiegetriebenen Partnerin für die Tiroler Energiewende. Wir suchen einen strategischen Partner, der proaktiv gestaltet. Dafür wird eine Rahmenvereinbarung (RV) mit einem Unternehmen abgeschlossen, wovon in einem ersten Schritt drei modulare Leistungsbereiche (Kommunikationsstrategie & Werbelinie, Corporate Design & Identity, Social Media), die in einem ganzheitlichen Konzept integriert werden sollen, beauftragt werden. Darüber hinaus werden voraussichtlich weitere Module / Leistungen bedarfsbezogen über diese RV abgerufen. Helfen Sie uns die Marke TIWAG neu aufzuladen - modern, menschlich und tief in Tirol verwurzelt. Gestalten Sie mit uns die Energiezukunft!Schätzwert (8 Jahre): 5.600.000€ netto, Höchstwert (8 Jahre): 28.000.000 € netto","2026-08-28","Österreich","2026-09-27T06:03:30.942Z","ungeprueft","","","","",""
"https://ted.europa.eu/de/notice/-/detail/596375-2026","TED","CPV 79400000-8 - Managementberatung","Italien – Beratung im Bereich Personalverwaltung – SERVIZIO DI ELABORAZIONE DEI CEDOLINI PAGA ED ADEMPIMENTI CONNESSI E SERVIZIO DI CONSULENZA ED ASSISTENZA IN MATERIA DI LAVORO PER ACQUA NOVARA.VCO S.P.A.","ACQUA NOVARA VCO SPA","","https://ted.europa.eu/de/notice/-/detail/596375-2026","79414000","SERVIZIO DI ELABORAZIONE DEI CEDOLINI PAGA ED ADEMPIMENTI CONNESSI E SERVIZIO DI CONSULENZA ED ASSISTENZA IN MATERIA DI LAVORO PER ACQUA NOVARA.VCO S.P.A.","2026-08-28","Italien","2026-09-27T06:03:30.942Z","ungeprueft","","","","",""
"https://ted.europa.eu/de/notice/-/detail/595471-2026","TED","CPV 72224000-1 - IT-Projektmanagement","Deutschland – Beratung im Bereich Projektleitung – Übernahme der fachlichen Programmleitung des Programms P20","Bundesrepublik Deutschland, vertreten durch das Bundesministerium des Innern, vertreten durch das Beschaffungsamt des BMI","","https://ted.europa.eu/de/notice/-/detail/595471-2026","72224000; 72222000","Übernahme der fachlichen Programmleitung des Programms P20","2026-08-28","Deutschland","2026-09-27T06:03:35.915Z","ungeprueft","","","","",""
"https://ted.europa.eu/de/notice/-/detail/594643-2026","TED","INTERREG","Deutschland – Dienstleistungen im Energiebereich – ResNRJwater - Energiestudie","Lippeverband","","https://ted.europa.eu/de/notice/-/detail/594643-2026","71314000; 71335000","Im Rahmen des Projektes ResNRJwater (INTERREG Nordwesteuropa 2021-2027, https://resnrjwater.nweurope.eu/) soll mit einer wissenschaftlichen Machbarkeitsstudie geprüft werden, inwieweit zwei kommunale Kläranlagen als integrierte Energiedrehscheiben entwickelt werden können. Ziel ist es, ein übertragbares Strom-, Wärme- und Vertragsmodell zu erarbeiten, das die jeweiligen technischen und infrastrukturellen Gegebenheiten berücksichtigt, wirtschaftlich tragfähig ist und ökologische Anforderungen erfüllt. Im Fokus stehen dabei insbesondere: die Bewertung und Optimierung bestehender und potenzieller Energieinfrastruktur, die Analyse von Speicher- und Verteilungsmöglichkeiten, die Konzeption resilienter Betriebsstrategien, die Konzeption prozesstechnischer Verfahrensweisen im Bereich der Abwasser- und Schlammbehandlung sowie die Entwicklung geeigneter Vertragsmodelle zur Einbindung externer Akteure und zur rechtssicheren Umsetzung im kommunalen Kontext.","2026-08-28","Deutschland","2026-09-27T06:03:49.204Z","ungeprueft","","","","",""
"https://ausschreibungen.usp.gv.at/at.gv.bmdw.eproc-p/public/tender-detail?object=a2c49245-23b2-46e1-acc7-c5a78913a090-5d579f80-93a2-41c7-88f0-bb0f6cf1f06e","USP Bund","Projektmanagement","Schiene OÖ | Regional-Stadtbahn | Rahmenvereinbarung Projektmanagement","Schiene OÖ GmbH & Co KG","","https://ausschreibungen.usp.gv.at/at.gv.bmdw.eproc-p/public/tender-detail?object=a2c49245-23b2-46e1-acc7-c5a78913a090-5d579f80-93a2-41c7-88f0-bb0f6cf1f06e","71541000","","2026-08-28","Österreich","2026-09-27T06:04:01.958Z","ungeprueft","","","","",""
"https://ted.europa.eu/de/notice/-/detail/590422-2026","TED","CPV 79421000-1 - Projektmanagement","Deutschland – Projektmanagement, außer Projektüberwachung von Bauarbeiten – Depot-, Logistik- und Umzugsmanagement - SGN Masterplan II, Interimsmaßnahmen - Senckenberganlage 25, Frankfurt am Main - Änderungsbekanntmachung","Senckenberg Gesellschaft für Naturforschung","","https://ted.europa.eu/de/notice/-/detail/590422-2026","79421000; 98392000","EU-weites Vergabeverfahren für Umzugs- und Logistikplanungen in Senckenberganlage 25, 60325 Frankfurt am Main für Senckenberg Gesellschaft für Naturforschung. Aufgrund der geplanten Sanierung und Erweiterung des historischen Hauptgebäudes des Senckenberg Forschungsinstituts und Naturmuseums Frankfurt, müssen Hauptgebäude, Südflügel und Reimersbau bis spätestens Mitte 2030 (nach derzeitigem Planungsstand) vollständig leergezogen werden. Die Auszugsplanung startet nach dem Zuschlag und die Umsetzung voraussichtlich ab Q3/2028; der Rückzug ist frühestens ab 2033 vorgesehen. Benötigt wird ein Depot-, Umzugs- und Logistikkonzept für Museum, Forschung, Verwaltung, Labore, Sammlungen, Archive, Lager- und Technikflächen. Viele Funktionen sollen während der Bauphase auf der Liegenschaft bleiben, und werden durch verdichtete Bestandsflächen, externe Standorte und eine Interims-Ausstellung ergänzt. Gesucht wird ein erfahrenes Unternehmen für konservatorisch anspruchsvolle Museums- und Forschungslogistik, inklusive Unterstützung bei der Bestandsaufnahme, sowie Flächen-, Ablauf-, Ausschreibungs-, Koordinations- und Rückzugsplanung.","2026-08-27","Deutschland","2026-09-27T06:03:20.248Z","ungeprueft","","","","",""
"https://ted.europa.eu/de/notice/-/detail/591000-2026","TED","CPV 79421000-1 - Projektmanagement","Deutschland – Unternehmens- und Managementberatung und zugehörige Dienste – Bedarfs- und Entwicklungsplan BF","Landeshauptstadt Wiesbaden - Der Magistrat","","https://ted.europa.eu/de/notice/-/detail/591000-2026","79400000; 79410000; 79414000; 79421000","Erstellung eines Bedarfs- und Entwicklungsplanung mit Organisationsuntersuchung sowie einer Umsetzungsbegleitung für die Feuerwehr der Landeshauptstadt Wiesbaden","2026-08-27","Deutschland","2026-09-27T06:03:20.248Z","ungeprueft","","","","",""
"https://ted.europa.eu/de/notice/-/detail/592315-2026","TED","CPV 79421000-1 - Projektmanagement","Deutschland – Projektmanagement, außer Projektüberwachung von Bauarbeiten – Projektmanagement für das EFRE-Projekt „The Green Between – Wo Wanderlust auf Mikroabenteuer und digitale Inspiration trifft""","Ennepe-Ruhr-Kreis","","https://ted.europa.eu/de/notice/-/detail/592315-2026","79421000","Das Projekt „The Green Between – Wo Wanderlust auf Mikroabenteuer und digitale Inspiration trifft“ zielt darauf ab, die bestehende Wanderinfrastruktur in der Elfringhauser Schweiz aufzuwerten und touristisch zu qualifizieren, wobei der Fokus auf einer ausgewogenen Besucherlenkung liegt und die Schaffung von (weiteren) Hotspot-Räumen vermieden werden soll. Typische, regional-authentische Angebote der Region sollen in das Wandererlebnis integriert werden und inspirierende Mikroabenteuer ergänzen dieses sinnvoll und zielgruppengerecht. Ebenfalls vorgesehen ist die Entwicklung und Darstellung der Angebote im Rahmen von digitalen Diensten, wobei hier ein innovativer Ansatz aufgrund lückenhafter Netzabdeckung in dem Gebiet der Elfringhauser Schweiz angestrebt wird. Ziel der Ausschreibung ist es einen Partner zu gewinnen, der den Ennepe-Ruhr-Kreis bei der Umsetzung und Abrechnung des Förderprojektes beratend wie auch aktiv unterstützt. Dabei steht neben der Konzeptionierung der Projektumsetzung, die vergabereife Vorbereitung der zur Projektumsetzung notwendigen Vergabeunterlagen (die Vergaben selber erfolgen durch den Auftraggeber) sowie der fachlichen Betreuung im Rahmen des Vergabeverfahrens im Vordergrund. Zum Ende des vergangenen Jahres wurden dem Ennepe-Ruhr-Kreis zur Umsetzung des Projekts Fördermittel aus dem EFRE Erlebnis-NRW Programm bewilligt. Die Bewilligung der Fördermittel bezieht sich auf einen Zeitraum vom 01.01.2026 bis 31.12.2028 innerhalb dessen das Projekt in Gänze realisiert werden muss (Bewilligungszeitraum). Für den ausgeschriebenen Auftrag steht ein Budget in Höhe von maximal 93.600 € brutto zur Verfügung. Durch diese Summe müssen alle dem Bieter für seine Aufgabenerfüllung notwendigerweise entstehenden Kosten für u.a. Personal, Nebenkosten (Betrieb, Reisekosten) abgedeckt werden. Weitere Informationen entnehmen Sie bitte den Vergabeunterlagen.","2026-08-27","Deutschland","2026-09-27T06:03:20.249Z","ungeprueft","","","","",""
"https://ted.europa.eu/de/notice/-/detail/590510-2026","TED","CPV 71420000-8 - Landschaftsplanung","Deutschland – Landschaftsgestaltung – VgV Freianlagen - Neubau Feuerwehrgerätehaus Triberg im Schwarzwald","Stadt Triberg","","https://ted.europa.eu/de/notice/-/detail/590510-2026","71420000","Die Stadt Triberg im Schwarzwald beabsichtigt an der Frejusstraße 1, 78098 Triberg im Schwarzwald, auf dem Grundstück zwischen der Frejusstraße, der Gerwigstraße und der Nußbacher Straße einen Neubau für ein Feuerwehrgerätehaus zu realisieren. Die auf dem Grundstück bestehenden Gebäude werden hierfür zurückgebaut. Der Rückbau ist nicht Bestandteil der hier ausgeschriebenen Aufgabe. Für die Leistungen der Freianlagenplanung gem. - §§ 38 - 40 HOAI, - LPH 1-8, 9 wird eine geeignete Planer/-in für Freianlagen gesucht. Die Beauftragung soll stufenweise erfolgen. Es besteht kein Rechtsanspruch auf die weitere Beauftragung der jeweils nachfolgenden Leistungsstufe. Die Verhandlungsgespräche finden voraussichtlich am 11.12.2026 ganztägig statt. Weitere Informationen entnehmen Sie bitte 5.1. der Bekanntmachung und der angefügten Kurzinformation.","2026-08-27","Deutschland","2026-09-27T06:03:27.503Z","ungeprueft","","","","",""
"https://ted.europa.eu/de/notice/-/detail/591758-2026","TED","CPV 71420000-8 - Landschaftsplanung","Deutschland – Dienstleistungen von Architektur- und Ingenieurbüros sowie planungsbezogene Leistungen – Umsetzung Wachenstandortstrategie","Stadt Mannheim - Fachbereich Baurecht, Bauverwaltung und Denkmalschutz.","","https://ted.europa.eu/de/notice/-/detail/591758-2026","71240000; 71000000; 71200000; 71220000; 71221000; 71300000; 71223000; 71242000; 71243000; 71310000; 71320000; 71321000; 71321200; 71321300; 71321400; 71322000; 71322100; 71322200; 71322300; 71322400; 71322500; 71323100; 71327000; 71421000; 71325000; 71326000","Rahmenvereinbarung über Generalplanungsleistungen für eine standortübergreifende Modulplanung für max. 6 neue Wachenstandorte zur Umsetzung der Wachenstandortstrategie","2026-08-27","Deutschland","2026-09-27T06:03:27.503Z","ungeprueft","","","","",""
"https://ted.europa.eu/de/notice/-/detail/590919-2026","TED","CPV 79400000-8 - Managementberatung","Deutschland – Wirtschaftshilfe an das Ausland – 10018130 - Projekte zur Fachkräftegewinnung im Rahmen von Berufsbildungspartnerschaften partnerschaftlich mit der Privatwirtschaft konzipieren, aufsetzen und umsetzen","Deutsche Gesellschaft für Internationale Zusammenarbeit (GIZ) GmbH","","https://ted.europa.eu/de/notice/-/detail/590919-2026","75211200; 79411100","Das Projekt ""Fachkräfte-Fonds Globalvorhaben Partnerschaften für entwicklungsorientierte Ausbildungs- und Arbeitsmigration"" zielt grundsätzlich auf den Aufbau von Partnerschaften zwischen Wirtschaftsakteuren in Deutschland und in ausgewählten Kooperationsländern ab, in deren Rahmen innovative Modelle für eine entwicklungsorientierte Ausbildungs- und Arbeitsmigration entworfen und getestet werden sollen. Die vorliegende Ausschreibung dient der Umsetzung des BMZ-Konzeptpapiers ""WE-Fair Fachkräfteallianz von Wirtschaft und Entwicklungspolitik"". Ziel ist es, durch die Zusammenarbeit der deutschen verfassten Wirtschaft und den Wirtschaftsakteuren in den Partnerländern nachhaltige institutionelle und regulatorische Strukturen für die Qualifizierung und Mobilität von Fachkräften und Auszubildenden in den Partnerländern sowie für die Sicherstellung einer fairen, ethischen und regulierten Fachkräftegewinnung für den deutschen Arbeitsmarkt zu schaffen.","2026-08-27","Deutschland","2026-09-27T06:03:30.942Z","ungeprueft","","","","",""
"https://ted.europa.eu/de/notice/-/detail/591272-2026","TED","CPV 79400000-8 - Managementberatung","Deutschland – Öffentlichkeitsarbeit – Projektbegleitende Kommunikations- und Beteiligungsformate, sowie Online-Tool - Bundesförderprojekt ""ANK-LK bee green: Arten- und Klimaschutz auf Grünflächen in Herrenberg","Stadt Herrenberg - Stabstelle Klima- und Umweltschutz","","https://ted.europa.eu/de/notice/-/detail/591272-2026","79416000; 79416100","Los 1: Öffentlichkeitsarbeit und digitales Online-Tool Konzeption und Umsetzung der projektbegleitenden Öffentlichkeitsarbeit sowie die Entwicklung, redaktionelle Betreuung sowie Betrieb eines webbasierten, barrierearmen Online-Tools einschließlich technischer Infrastruktur, Hosting, Wartung und Monitoring. Los 2: Konzeption und Durchführung von Informations- und Beteiligungsformaten Entwicklung und Umsetzung eines Informations- und Beteiligungskonzepts sowie die Planung und Durchführung von Informations- und Beteiligungsformaten zur Einbindung der Stadtgesellschaft","2026-08-27","Deutschland","2026-09-27T06:03:30.942Z","ungeprueft","","","","",""
"https://ted.europa.eu/de/notice/-/detail/592114-2026","TED","CPV 79400000-8 - Managementberatung","Deutschland – Beschaffungsberatung – Rahmenvereinbarung Beschaffungsberatung und Vergabedienstleistungen für Fahrzeuge und Ausstattungen für den Katastrophenschutz des Landes Baden-Württemberg","Ministerium des Inneren, für Digitalisierung und Europa Baden-Württemberg","","https://ted.europa.eu/de/notice/-/detail/592114-2026","79418000","Rahmenvereinbarung Beschaffungsberatung und Vergabedienstleistungen für Fahrzeuge und Ausstattungen für den Katastrophenschutz Baden-Württemberg. Die Leistungen werden als Rahmenvereinbarung ausgeschrieben.","2026-08-27","Deutschland","2026-09-27T06:03:30.942Z","ungeprueft","","","","",""
"https://ted.europa.eu/de/notice/-/detail/592219-2026","TED","CPV 79400000-8 - Managementberatung","Italien – Beratung im Bereich Personalverwaltung – VERGABE DER MANAGEMENT- UND PROJEKTBERATUNG FÜR DIE DEFINITION UND IMPLEMENTIERUNG DER BETRIEBSSTRATEGIE IM OP- BEREICH","Südtiroler Sanitätsbetrieb - Abteilung Einkäufe","","https://ted.europa.eu/de/notice/-/detail/592219-2026","79414000; 79400000","Management- und Projektberatung für die Definition und Implementierung der Betriebsstrategie im OP- Bereich","2026-08-27","Italien","2026-09-27T06:03:30.942Z","ungeprueft","","","","",""
"https://ted.europa.eu/de/notice/-/detail/592686-2026","TED","CPV 79400000-8 - Managementberatung","Italien – Allgemeine Managementberatung – Redazione della strategia di sviluppo turistico sostenibile nella Riserva della Biosfera MAB Unesco Alpi Giulie italiane e delle linee guida per una futura strategia turistica sostenibile della Riserva della Biosfera transfrontaliera MAB Unesco Alpi Giulie","Ente Parco naturale delle Prealpi Giulie","","https://ted.europa.eu/de/notice/-/detail/592686-2026","79411000","INCARICO PROFESSIONALE PER LA REDAZIONE DELLA STRATEGIA DI SVILUPPO TURISTICO SOSTENIBILE NELLA RISERVA DI BIOSFERA DELLE ALPI GIULIE ITALIANE E DELLA RISERVA DI BIOSFERA TRANSFRONTALIERA DELLE ALPI GIULIE.","2026-08-27","Italien","2026-09-27T06:03:30.942Z","ungeprueft","","","","",""
"https://ted.europa.eu/de/notice/-/detail/593150-2026","TED","Raumplanung","Deutschland – Planungsleistungen im Bauwesen – Erarbeitung eines Integrierten Stadtentwicklungskonzeptes (ISEK) - ""Lebendige Zentren-Aktive Stadt""","Stadt Weißenthurm","","https://ted.europa.eu/de/notice/-/detail/593150-2026","71320000","Mit Schreiben vom 14.03.2026 wurde der Stadt Weißenthurm vom Ministerium des Inneren und für Sport mitgeteilt, dass sie mit dem Bereich Stadtkern II ab dem Programmjahr 2026 in das Städtebauförderungsprogramm ""Lebendige Zentren-Aktive Stadt"" aufgenommen wurde. Als Grundlage für ein 10 -jähriges Handlungsprogramm des Förderprogramms ist ein Integriertes Städtebauliches Entwicklungsprogramm (ISEK) zu erarbeiten. Dabei sollen die Weichen für die weitere Entwicklung des Projektgebietes gestellt und konkrete Maßnahmen beschrieben werden.","2026-08-27","Deutschland","2026-09-27T06:03:44.800Z","ungeprueft","","","","",""
"https://ted.europa.eu/de/notice/-/detail/590331-2026","TED","Projektmanagement","Deutschland – Dienstleistungen von Architekturbüros bei Gebäuden – VgV Objektplanung - Neubau Feuerwehrgerätehaus Triberg im Schwarzwald","Stadt Triberg","","https://ted.europa.eu/de/notice/-/detail/590331-2026","71221000; 71200000","Die Stadt Triberg im Schwarzwald beabsichtigt an der Frejusstraße 1, 78098 Triberg im Schwarzwald, auf dem Grundstück zwischen der Frejusstraße, der Gerwigstraße und der Nußbacher Straße einen Neubau für ein Feuerwehrgerätehaus zu realisieren. Die auf dem Grundstück bestehenden Gebäude werden hierfür zurückgebaut. Der Rückbau ist nicht Bestandteil der hier ausgeschriebenen Aufgabe. Für die Leistungen der Objektplanung – Gebäude und Innenarchitektur gem. - §§ 33, 34 HOAI , - LPH 1-8, 9 , wird ein geeignetes Architekturbüro gesucht. Die Beauftragung soll stufenweise erfolgen. In der ersten Stufe werden die Leistungsphasen 1-3 beauftragt. Es besteht kein Rechtsanspruch auf die weitere Beauftragung der jeweils nachfolgenden Leistungsstufe. Die Verhandlungsgespräche finden voraussichtlich am 11.12.2026 ganztägig statt. Weitere Informationen entnehmen Sie bitte 5.1. der Bekanntmachung und der angefügten Kurzinformation.","2026-08-27","Deutschland","2026-09-27T06:03:48.242Z","ungeprueft","","","","",""
"https://ted.europa.eu/de/notice/-/detail/590581-2026","TED","Projektmanagement","Deutschland – Dienstleistungen von Architekturbüros – Ausbau Förderzentrum IWL Landsberg - HLS - Lph 3-9 - Bekanntmachung des vergebenen Auftrags","IWL Werkstätten für behinderte Menschen gGmbH","","https://ted.europa.eu/de/notice/-/detail/590581-2026","71200000","Technische Ausrüstung, Anlagengruppen 1, 2, 3, 7 und 8 gemäß § 55 HOAI Leistungsphasen 3 - 9 und besonderen Leistungen für den Ausbau des ersten und zweiten Geschosses des Gebäudes 3 der IWL Werkstätten für Menschen mit Behinderung in der Rudolf-Diesel-Straße 1, 86899 Landsberg.","2026-08-27","Deutschland","2026-09-27T06:03:48.242Z","ungeprueft","","","","",""
"https://ted.europa.eu/de/notice/-/detail/590614-2026","TED","Projektmanagement","Deutschland – Bau von Parkhäusern – Aufstockung eines Systemparkhauses","Universitätsklinikum Augsburg","","https://ted.europa.eu/de/notice/-/detail/590614-2026","45213312; 71320000","Totalunternehmer für eine modulare Aufstockung","2026-08-27","Deutschland","2026-09-27T06:03:48.242Z","ungeprueft","","","","",""
"https://ted.europa.eu/de/notice/-/detail/590884-2026","TED","Projektmanagement","Deutschland – Technische Planungsleistungen für maschinen- und elektrotechnische Gebäudeanlagen – Ausbau Förderzentrum IWL Landsberg - ELT - Lph 3-9 - Bekanntmachung des vergebenen Auftrags","IWL Werkstätten für behinderte Menschen gGmbH","","https://ted.europa.eu/de/notice/-/detail/590884-2026","71321000","Technische Ausrüstung, Anlagengruppen 4, 5, 6 und 8 gemäß § 55 HOAI Leistungsphasen 3 - 9 und besonderen Leistungen für den Ausbau des ersten und zweiten Geschosses des Gebäudes 3 der IWL Werkstätten für Menschen mit Behinderung in der Rudolf-Diesel-Straße 1, 86899 Landsberg.","2026-08-27","Deutschland","2026-09-27T06:03:48.242Z","ungeprueft","","","","",""
"https://ted.europa.eu/de/notice/-/detail/591285-2026","TED","Projektmanagement","Deutschland – Installation von Sanitäreinrichtungen – ILKO | 201 Sanitärtechnik","Gemeinde Ilvesheim","","https://ted.europa.eu/de/notice/-/detail/591285-2026","45332400","Bei den in dieser Leistungsbeschreibung ausgeschriebenen Leistungen handelt es sich im Wesentlichen um: 1 Kombibecken (185 m³/h) 1 Lehrschwimmbecken (43 m³/h) 3 Mehrschichtfilter 1 SAA Anlage 2 Wärmeübertrager (420 KW) 4 PPh Speicher (111 m³ BV) Desinfektion: Chlorgas","2026-08-27","Deutschland","2026-09-27T06:03:48.242Z","ungeprueft","","","","",""
"https://ted.europa.eu/de/notice/-/detail/591703-2026","TED","Projektmanagement","Deutschland – Projektmanagement im Bauwesen – RS-713.A Projektsteuerungsleistung Bauprojekt Realschule Schonungen","Landkreis Schweinfurt","","https://ted.europa.eu/de/notice/-/detail/591703-2026","71541000","Diese Vorinformation umfasst die Projektsteuerungsleistung bei dem Bauprojekt ""Neubau der Realschule Schonungen"" des Landkreises Schweinfurt. Die Ausschreibung wird sämtliche Grundleistungen gemäß AHO Heft Nr. 9, LP 1-8 incl. Projektabschluss, mit Besonderen Leistungen (u.a. Einrichten und Betreiben eines digitalen Projektraums, BIM-Management, Koordination der versicherungsrechtlichen Schadensabwicklung, Prüfen der Projektdokumentation) beinhalten.","2026-08-27","Deutschland","2026-09-27T06:03:48.242Z","ungeprueft","","","","",""
"https://ted.europa.eu/de/notice/-/detail/592675-2026","TED","INTERREG","Ungarn – Bau von Fernheizleitungsnetzen – Távhőszolgáltatási rendszerek kialakítása","HBMFÜ Hajdú-Bihar Megyei Fejlesztési Ügynökség Nonprofit Korlátolt Felelősségű Társaság","","https://ted.europa.eu/de/notice/-/detail/592675-2026","45232140; 45231000; 45251250","Közintézmények távhőszolgáltatási rendszerének kialakítása geotermikus energia hasznosításával Berettyóújfalu, Hajdúdorog és Létavértes közigazgatási területén az alábbiak szerint: 1. részajánlattételi kör esetében (Berettyóújfalu): Bihar Termálliget Gyógy- és Strandfürdő területén keletkező termálvíz hulladékhő hasznosítása távhővezetékhálózat és hőközpont építésével. Berettyóújfalu Termálfürdőjének termálhő-hasznosító berendezések telepítése, valamint a hőhasznosítást követően távvezetéken több önkormányzati intézmény távhővel való ellátása. A termálfürdőben telepítendő 2db 168,5 kW-os termálhő-hasznosító hőszivattyú egység, amelyek által megtermelt hő távvezetéken a következő önkormányzati intézményeket látja el távhővel: - Művelődési ház: Nadányi Zoltán Művelődési Központ, 4100 Berettyóújfalu, Bajcsy Zs. u. 27 sz. Hrsz.:1575, melyet a 253 fm előre szigetelt műanyag flexibilis vezetékpár-gerincen keresztül 10 fm egy közös köpenycsőbe szerelt vezetékpár köt a hálózatba. - Orvosi rendelő: Felnőtt háziorvosi rendelő: 4100 Berettyóújfalu, Bajcsy Zs. u. 3-5. Hrsz:1585/5, melyet 210 fm egy közös köpenycsőbe szerelt vezetékpár köt a főgerinchálózatba. - Inkubátorház: Nyíri István Vállalkozók Háza: 4100 Berettyóújfalu, József Attila u. 9. Hrsz.: 956, melyet 243 fm előre szigetelt műanyag flexibilis vezetékpár-gerincen keresztül 5 fm egy közös köpenycsőbe szerelt vezetékpár köt a hálózatba. - Székely óvoda: Vass Jenő Óvoda és Bölcsőde - Radnóti Tagóvoda, 4100 Berettyóújfalu, Radnóti u. 2. Hrsz: 948, melyet 312 fm egy közös köpenycsőbe szerelt vezetékpár köt a főgerinchálózatba. - Bölcsőde: Vass Jenő Óvoda és Bölcsőde, Bölcsődei Tagintézménye: 4100 Berettyóújfalu, József Attila u. 25. Hrsz.:963/2, melyet 157 fm egy közös köpenycsőbe szerelt vezetékpár köt a főgerinchálózatba. 2. részajánlattételi kör esetében: Létavértes termálhő hasznosítása távhővezetékhálózat és hőközpont építésével az önkormányzati épületek hőellátásának biztosítása érdekében. Létavértes település meglévő geotermális kútjára történő rákötés visszasajtoló vezetékkel együtt, majd a termelt hőmennyiség a hőhasznosítást követően távvezetéken több önkormányzati intézmény távhővel való ellátása. A távvezetéken a következő önkormányzati intézményeket látja el távhővel: - Tornaterem-Könyvtár: Létavértes, Kassai u. 8., melyet a 1213+800 fm előre szigetelt műanyag flexibilis vezetékpár-gerincen keresztül 85 fm egy közös köpenycsőbe szerelt vezetékpár köt a hálózatba. - Általános Iskola: Létavértes, Irinyi u. 8., melyet 54 fm egy közös köpenycsőbe szerelt vezetékpár köt a főgerinchálózatba. - Óvoda: Létavértes, Irinyi u. 6., melyet 22 fm előre szigetelt műanyag flexibilis vezetékpár-gerincen keresztül 5 fm egy közös köpenycsőbe szerelt vezetékpár köt a hálózatba. - Általános Iskola: Létavértes, Irinyi u. 1., melyet a 171 fm előre szigetelt műanyag flexibilis vezetékpár-gerincen keresztül 30 fm egy közös köpenycsőbe szerelt vezetékpár köt a hálózatba.. - Általános Iskola: Létavértes, Kassai u. 5., melyet 36 fm egy közös köpenycsőbe szerelt vezetékpár köt a főgerinchálózatba. - Általános Iskola: Létavértes, Kassai u. 16., melyet 115 fm egy közös köpenycsőbe szerelt vezetékpár köt a főgerinchálózatba. 3. részajánlattételi kör esetében: Hajdúdorog termálhő hasznosítása távhővezetékhálózat és hőközpont építésével az önkormányzati épületek hőellátásának biztosítása érdekében. Hajdúdorog településen meglévő, geotermális kútra történő rákötés, melyről a településen új távhálózat kialakítása történik hőközponti blokkal együtt. A kút jelenlegi termálvízvezetékének elbontása, új vezetékszakasz létesítése új szerelvényaknába. Az új szekunder oldali, létesítendő távhőhálózatra történő rákötés visszasajtoló vezetékkel együtt, majd a termelt hőmennyiség a hőhasznosítást követően távvezetéken több önkormányzati intézmény távhővel való ellátása. A távhő gerincvezeték teljes hossza 1926 fm előre szigetelt műanyag flexibilis vezetékpár-gerinc, melyről távvezetéken a következő önkormányzati intézmények kerülnek távhővel ellátásra: - Jurta: Hajdúdorog, Tokai út 81., melyet 25 fm egy közös köpenycsőbe szerelt vezetékpár köt a hálózatba. - Polgármesteri Hivatal: Hajdúdorog, Tokai út 4., melyet 32+44 fm egy közös köpenycsőbe szerelt vezetékpár köt a hálózatba. - Óvoda: Hajdúdorog, Sarok u. 1., melyet 10 fm egy közös köpenycsőbe szerelt vezetékpár köt a főgerinchálózatba. - Idősek klubja: Hajdúdorog, Böszörményi út 28., melyet 235+3 fm egy közös köpenycsőbe szerelt vezetékpár köt az algerinchálózatba. - Bölcsőde: Hajdúdorog, Böszörményi út 26., melyet 32 fm egy közös köpenycsőbe szerelt vezetékpár köt az algerinchálózatba. - Könyvtár és Művelődési Ház: Hajdúdorog, Böszörményi út 5-7., melyet 3 fm egy közös köpenycsőbe szerelt vezetékpár köt az algerinchálózatba. - Felnőtt orvosi rendelő: Hajdúdorog, Nánási út 8., melyet 258 fm egy közös köpenycsőbe szerelt vezetékpár köt a főgerinchálózatba.","2026-08-27","Ungarn","2026-09-27T06:03:49.204Z","ungeprueft","","","","",""
"https://ted.europa.eu/de/notice/-/detail/590262-2026","TED","Strategie","Slowakei – Kraftfahrzeugversicherungen – Poskytnutie služieb havarijného poistenia motorových vozidiel a povinného zmluvného poistenia","Automobilové opravovne Ministerstva vnútra Slovenskej republiky, a. s.","","https://ted.europa.eu/de/notice/-/detail/590262-2026","66514110; 66516100","Predmetom zákazky je poskytnutie služieb havarijného poistenia motorových vozidiel a poskytnutie služieb povinného zmluvného poistenia zodpovednosti za škodu spôsobenú prevádzkou motorových vozidiel.","2026-08-27","Slowakei","2026-09-27T06:03:51.327Z","ungeprueft","","","","",""
"https://ted.europa.eu/de/notice/-/detail/590268-2026","TED","Strategie","Deutschland – Gerüstarbeiten – Lindenauschule, 1. BA Neubau / Erweiterung zur 8-zügigen IGS - Gerüst","Hanau Immobilien- und Baumanagement, Eigenbetrieb der Stadt Hanau","","https://ted.europa.eu/de/notice/-/detail/590268-2026","45262100","Die IGS Lindenau in Hanau eine schulformübergreifende (integrierte) Gesamtschule mit gymnasialer Oberstufe. Sie befindet sich im Randgebiet des Hanauer Stadtteils Großauheim in der Rue de Conflans 4. Auf dem Schulgrundstück ist die Schule bisher in fünf Baukörper verortet. Die IGS Lindenau soll zur achtzügigen schulformübergreifenden Gesamtschule mit einer vierzügigen gymnasialen Oberstufe erweitert werden. Um den erforderlichen Raumbedarf zu decken, soll ein weiterer Baukörper als freistehender 3-geschossiger Erweiterungsbau errichtet werden. Der Hauptzugang ist den bestehenden Gebäuden zugewandt. Bestandteil dieser Ausschreibung sind die Gerüstbauarbeiten, bestehend aus einem freistehenden Fassadengerüst mit ballastierenden Aussteifungstürmen. Teilbereiche des Fassadengerüstes sind auf Dächer herzustellen. Im Innenraum sind Raumgerüste in Treppenhäusern als auch Fahrgerüste zu stellen. Leistungsumfang Vorbereitende Maßnahme: - Statisch konstruktive Bearbeitung 1 pschl. - Werk- und Montageplanung Fassadengerüst 1 pschl. Leistungsumfang freistehendes Fassadengerüst: - Fassadengerüst, Metallgerüst, SW09, LK 3 ca. 2.205 m²; - Fassadengerüst, Metallgerüst, auf Dach ca. 548 m²; - Ausfertigungsturm 2-lagig ca. 19 Stück; - Ausfertigungsturm 4-lagig ca. 10 Stück; - Ausfertigungsturm 6-lagig ca. 24 Stück; - Schutzbelag, Gummigranulatmatten ca. 105 m²; - Gerüstverbreiterung innen, 0,36 m ca. 1.380 m; - Innengeländer, 2-tlg ca. 1.380 m; - Gerüstverkleidung mit Schutznetz ca. 2.205 m². Leistungsumfang Innenraum: - Fahrgerüste, Arbeitshöhe bis 3,60 m ca. 6 Stück; - Raumgerüst Treppen ca. 585 m³.","2026-08-27","Deutschland","2026-09-27T06:03:51.327Z","ungeprueft","","","","",""
"https://ted.europa.eu/de/notice/-/detail/590277-2026","TED","Strategie","Deutschland – Gipskartonarbeiten – Theodor-Heuss-Schule, Erweiterung als 3,5-zügige Grundschule mit Nachmittagsbetreuung - Trockenbau","Hanau Immobilien- und Baumangement - Eigenbetrieb der Stadt Hanau","","https://ted.europa.eu/de/notice/-/detail/590277-2026","45324000","Die Stadt Hanau plant am Jürgen-Sticher-Platz 1 zwei Erweiterungen der bereits bestehenden Theodor-Heuss-Schule. Die Grundschule soll durch die Erweiterung 3,5-zügig werden und den Schülern ein Ganztagsangebot bieten. Bestandteil dieser Ausschreibung sind die Trockenbauarbeiten (Wände und Decken), Innenputzarbeiten, Maler-, Taperzier- und Lackierarbeiten in zwei Neubauten und in Teilbereichen Bestandsbau. Zur Ausführung kommen Gips- und Kalkzementputz. Leistungsumfang Trockenbau Wände: - GK-Wandflächen ca. 330 m²; - GK-Vorsatzschalen mit und ohne Brandschutzanforderungen ca. 210 m². Leistungsumfang Trockenbau Decken: - GK-Decken, Akustikdecke, gelocht mit gespachteltem Fries ca. 230 m²; - Akustikdecke aus Holzwolle-Leichtbauplatten ca. 750 m²; - Echtholz-Akustik-Paneel-Decke ca. 140 m²; - Mineralfaser-Rasterdecke ca. 120 m²; - Mineralfaser-Hygiene-Rasterdecke ca. 40 m². Leistungsumfang Innenputzarbeiten im Neubau: - Wandflächen ca. 2.850 m²; - Wandflächen Bestand ca. 50 m²; - Deckenflächen ca. 20 m². Leistungsumfang Maler- und Tapezierarbeiten: - Malerarbeiten (Decken + Wände) ca. 4.200 m²; - Tapezierarbeiten (Malervlies) ca. 3.300 m². Leistungsumfang Lackierarbeiten: - Lackierarbeiten Treppenbrüstung ca. 45 m; - Lackierarbeiten Stahltüren ca. 30 Stück.","2026-08-27","Deutschland","2026-09-27T06:03:51.327Z","ungeprueft","","","","",""
"https://ted.europa.eu/de/notice/-/detail/590280-2026","TED","Strategie","Deutschland – Softwarepaket und Informationssysteme – IBLSA 01/2026 Verlängerung Atlassian Lizenzen der IB für ein Jahr","Investitionsbank Sachsen-Anhalt","2026-09-29T16:00:00+02:00","https://ted.europa.eu/de/notice/-/detail/590280-2026","48000000","IBLSA 01/2026 Verlängerung Atlassian Lizenzen der IB für ein Jahr","2026-08-27","Deutschland","2026-09-27T06:03:51.327Z","ungeprueft","","","","",""
"https://ausschreibungen.usp.gv.at/at.gv.bmdw.eproc-p/public/tender-detail?object=a2c49245-23b2-46e1-acc7-c5a78913a090-e0ca44e1-a6cb-40d4-90d1-4473a506c77c","USP Bund","Raumplanung","Österreichsiche Gesundheitskasse Standortentwicklung Wienerberg","Österreichische Gesundheitskasse","2026-11-18","https://ausschreibungen.usp.gv.at/at.gv.bmdw.eproc-p/public/tender-detail?object=a2c49245-23b2-46e1-acc7-c5a78913a090-e0ca44e1-a6cb-40d4-90d1-4473a506c77c","71000000; 71240000; 71320000; 71322000; 71356400","ist - die Generalplanung für das Baulos 1 mit den Bauteilen 1.1 und 1.2 samt Freiraumplanung sowie - die Erlangung von ReUse- und Erweiterungs-Konzepten für das Verwaltungsgebäude (Bauteile 2.1 und 2.2 samt Freiraumplanung), die in weiterer Folge den Verhandlungen zur Vergabe der Konzeptplanung zugrunde gelegt werden. Wettbewerbsunterlagen: https://next-pm.vergabeportal.at/Detail/253970 CPV Hauptteil: 71000000 (Dienstleistungen von Architektur-, Konstruktions- und Ingenieurbüros und Prüfstellen) CPV Hauptteil: 71240000 (Dienstleistungen von Architektur- und Ingenieurbüros sowie planungsbezogene Leistungen) CPV Hauptteil: 71320000 (Planungsleistungen im Bauwesen) CPV Hauptteil: 71322000 (Tech","2026-08-27","Österreich","2026-09-27T06:03:53.642Z","ungeprueft","","","","",""
"https://ausschreibungen.usp.gv.at/at.gv.bmdw.eproc-p/public/tender-detail?object=a2c49245-23b2-46e1-acc7-c5a78913a090-a5a52ec4-7be9-44d0-aa1b-66476a4fec55","USP Bund","Projektmanagement","Abruf aus Los 1 der Rahmenvereinbarung (IT-Dienstleistungen Projektmanagement)","Pensionsversicherungsanstalt (PVA)","","https://ausschreibungen.usp.gv.at/at.gv.bmdw.eproc-p/public/tender-detail?object=a2c49245-23b2-46e1-acc7-c5a78913a090-a5a52ec4-7be9-44d0-aa1b-66476a4fec55","72000000","","2026-08-27","Österreich","2026-09-27T06:04:02.086Z","ungeprueft","","","","",""
"https://ausschreibungen.usp.gv.at/at.gv.bmdw.eproc-p/public/tender-detail?object=a2c49245-23b2-46e1-acc7-c5a78913a090-ea94cf5d-233f-44a6-a089-a841017e9615","USP Bund","Strategie","Stadt Wien - Kinder- und Jugendhilfe (WKJH): Vergabe von ambulanten Dienstleistungen - Los 3: Schwerpunkt intensive umfassende Betreuung kindgerechter gewaltfreien Alltags- u. Erziehungssituation ua","Stadt Wien - Kinder- und Jugendhilfe (MA 11)","","https://ausschreibungen.usp.gv.at/at.gv.bmdw.eproc-p/public/tender-detail?object=a2c49245-23b2-46e1-acc7-c5a78913a090-ea94cf5d-233f-44a6-a089-a841017e9615","","","2026-08-27","Österreich","2026-09-27T06:04:07.453Z","ungeprueft","","","","",""
